municipality_code,municipality_name,year,population
580,Aabenraa,2008,60189
580,Aabenraa,2009,60392
580,Aabenraa,2010,59978
580,Aabenraa,2011,59795
580,Aabenraa,2012,59600
580,Aabenraa,2013,59208
580,Aabenraa,2014,58970
580,Aabenraa,2015,58904
580,Aabenraa,2016,58869
580,Aabenraa,2017,59003
580,Aabenraa,2018,59089
580,Aabenraa,2019,59035
580,Aabenraa,2020,58761
580,Aabenraa,2021,58526
580,Aabenraa,2022,58693
580,Aabenraa,2023,59002
580,Aabenraa,2024,58657
851,Aalborg,2008,195145
851,Aalborg,2009,196292
851,Aalborg,2010,197426
851,Aalborg,2011,199188
851,Aalborg,2012,201142
851,Aalborg,2013,203448
851,Aalborg,2014,205809
851,Aalborg,2015,207805
851,Aalborg,2016,210316
851,Aalborg,2017,211937
851,Aalborg,2018,213558
851,Aalborg,2019,215312
851,Aalborg,2020,217075
851,Aalborg,2021,219487
851,Aalborg,2022,221082
851,Aalborg,2023,222571
851,Aalborg,2024,223174
751,Aarhus,2008,298538
751,Aarhus,2009,302618
751,Aarhus,2010,306650
751,Aarhus,2011,310956
751,Aarhus,2012,314545
751,Aarhus,2013,319094
751,Aarhus,2014,323893
751,Aarhus,2015,326246
751,Aarhus,2016,330639
751,Aarhus,2017,335684
751,Aarhus,2018,340421
751,Aarhus,2019,345332
751,Aarhus,2020,349983
751,Aarhus,2021,352751
751,Aarhus,2022,355238
751,Aarhus,2023,361544
751,Aarhus,2024,367095
165,Albertslund,2008,27602
165,Albertslund,2009,27706
165,Albertslund,2010,27730
165,Albertslund,2011,27800
165,Albertslund,2012,27864
165,Albertslund,2013,27824
165,Albertslund,2014,27728
165,Albertslund,2015,27806
165,Albertslund,2016,27880
165,Albertslund,2017,27896
165,Albertslund,2018,27743
165,Albertslund,2019,27877
165,Albertslund,2020,27731
165,Albertslund,2021,27366
165,Albertslund,2022,27599
165,Albertslund,2023,27530
165,Albertslund,2024,27677
201,Allerød,2008,23493
201,Allerød,2009,23821
201,Allerød,2010,24089
201,Allerød,2011,24096
201,Allerød,2012,24043
201,Allerød,2013,24073
201,Allerød,2014,24175
201,Allerød,2015,24411
201,Allerød,2016,24732
201,Allerød,2017,24942
201,Allerød,2018,25235
201,Allerød,2019,25646
201,Allerød,2020,25633
201,Allerød,2021,25893
201,Allerød,2022,25867
201,Allerød,2023,26061
201,Allerød,2024,25962
420,Assens,2008,42054
420,Assens,2009,42128
420,Assens,2010,42054
420,Assens,2011,41635
420,Assens,2012,41443
420,Assens,2013,41325
420,Assens,2014,41037
420,Assens,2015,41046
420,Assens,2016,41224
420,Assens,2017,41390
420,Assens,2018,41328
420,Assens,2019,41212
420,Assens,2020,40965
420,Assens,2021,40867
420,Assens,2022,40972
420,Assens,2023,40944
420,Assens,2024,40646
151,Ballerup,2008,47116
151,Ballerup,2009,47398
151,Ballerup,2010,47652
151,Ballerup,2011,47930
151,Ballerup,2012,47994
151,Ballerup,2013,48211
151,Ballerup,2014,48514
151,Ballerup,2015,48355
151,Ballerup,2016,48224
151,Ballerup,2017,48231
151,Ballerup,2018,48295
151,Ballerup,2019,48458
151,Ballerup,2020,48602
151,Ballerup,2021,49310
151,Ballerup,2022,49274
151,Ballerup,2023,50039
151,Ballerup,2024,51237
530,Billund,2008,26181
530,Billund,2009,26235
530,Billund,2010,26160
530,Billund,2011,26155
530,Billund,2012,26220
530,Billund,2013,26357
530,Billund,2014,26318
530,Billund,2015,26285
530,Billund,2016,26434
530,Billund,2017,26481
530,Billund,2018,26482
530,Billund,2019,26629
530,Billund,2020,26608
530,Billund,2021,26551
530,Billund,2022,26631
530,Billund,2023,27021
530,Billund,2024,27119
400,Bornholm,2008,42817
400,Bornholm,2009,42563
400,Bornholm,2010,42154
400,Bornholm,2011,41802
400,Bornholm,2012,41303
400,Bornholm,2013,40715
400,Bornholm,2014,40215
400,Bornholm,2015,39828
400,Bornholm,2016,39756
400,Bornholm,2017,39695
400,Bornholm,2018,39632
400,Bornholm,2019,39572
400,Bornholm,2020,39499
400,Bornholm,2021,39570
400,Bornholm,2022,39545
400,Bornholm,2023,39602
400,Bornholm,2024,39332
153,Brøndby,2008,33831
153,Brøndby,2009,33762
153,Brøndby,2010,33795
153,Brøndby,2011,34021
153,Brøndby,2012,34084
153,Brøndby,2013,34210
153,Brøndby,2014,34580
153,Brøndby,2015,35050
153,Brøndby,2016,35322
153,Brøndby,2017,35594
153,Brøndby,2018,35538
153,Brøndby,2019,35397
153,Brøndby,2020,35090
153,Brøndby,2021,35232
153,Brøndby,2022,35651
153,Brøndby,2023,37128
153,Brøndby,2024,39067
810,Brønderslev,2008,35525
810,Brønderslev,2009,35762
810,Brønderslev,2010,35804
810,Brønderslev,2011,35789
810,Brønderslev,2012,35754
810,Brønderslev,2013,35600
810,Brønderslev,2014,35627
810,Brønderslev,2015,35781
810,Brønderslev,2016,36047
810,Brønderslev,2017,36128
810,Brønderslev,2018,36289
810,Brønderslev,2019,36370
810,Brønderslev,2020,36304
810,Brønderslev,2021,36177
810,Brønderslev,2022,36194
810,Brønderslev,2023,36540
810,Brønderslev,2024,36614
411,Christiansø,2008,96
411,Christiansø,2009,96
411,Christiansø,2010,101
411,Christiansø,2011,94
411,Christiansø,2012,103
411,Christiansø,2013,92
411,Christiansø,2014,90
411,Christiansø,2015,91
411,Christiansø,2016,91
411,Christiansø,2017,78
411,Christiansø,2018,83
411,Christiansø,2019,90
411,Christiansø,2020,84
411,Christiansø,2021,90
411,Christiansø,2022,93
411,Christiansø,2023,93
411,Christiansø,2024,91
155,Dragør,2008,13261
155,Dragør,2009,13411
155,Dragør,2010,13564
155,Dragør,2011,13717
155,Dragør,2012,13692
155,Dragør,2013,13917
155,Dragør,2014,13977
155,Dragør,2015,14028
155,Dragør,2016,14142
155,Dragør,2017,14288
155,Dragør,2018,14272
155,Dragør,2019,14270
155,Dragør,2020,14494
155,Dragør,2021,14569
155,Dragør,2022,14640
155,Dragør,2023,14609
155,Dragør,2024,14569
240,Egedal,2008,40533
240,Egedal,2009,41031
240,Egedal,2010,41513
240,Egedal,2011,41614
240,Egedal,2012,41821
240,Egedal,2013,42018
240,Egedal,2014,42210
240,Egedal,2015,42573
240,Egedal,2016,42773
240,Egedal,2017,43082
240,Egedal,2018,43000
240,Egedal,2019,43335
240,Egedal,2020,43354
240,Egedal,2021,43696
240,Egedal,2022,44375
240,Egedal,2023,45202
240,Egedal,2024,45532
561,Esbjerg,2008,114244
561,Esbjerg,2009,114595
561,Esbjerg,2010,115114
561,Esbjerg,2011,115184
561,Esbjerg,2012,115112
561,Esbjerg,2013,115051
561,Esbjerg,2014,115095
561,Esbjerg,2015,115446
561,Esbjerg,2016,115748
561,Esbjerg,2017,115905
561,Esbjerg,2018,116032
561,Esbjerg,2019,115652
561,Esbjerg,2020,115483
561,Esbjerg,2021,115579
561,Esbjerg,2022,115459
561,Esbjerg,2023,115758
561,Esbjerg,2024,115423
430,Faaborg-Midtfyn,2008,51950
430,Faaborg-Midtfyn,2009,52108
430,Faaborg-Midtfyn,2010,52085
430,Faaborg-Midtfyn,2011,51926
430,Faaborg-Midtfyn,2012,51635
430,Faaborg-Midtfyn,2013,51409
430,Faaborg-Midtfyn,2014,51078
430,Faaborg-Midtfyn,2015,50953
430,Faaborg-Midtfyn,2016,51236
430,Faaborg-Midtfyn,2017,51376
430,Faaborg-Midtfyn,2018,51536
430,Faaborg-Midtfyn,2019,51809
430,Faaborg-Midtfyn,2020,51556
430,Faaborg-Midtfyn,2021,51683
430,Faaborg-Midtfyn,2022,51849
430,Faaborg-Midtfyn,2023,52253
430,Faaborg-Midtfyn,2024,52291
563,Fanø,2008,3192
563,Fanø,2009,3207
563,Fanø,2010,3219
563,Fanø,2011,3213
563,Fanø,2012,3251
563,Fanø,2013,3237
563,Fanø,2014,3264
563,Fanø,2015,3263
563,Fanø,2016,3290
563,Fanø,2017,3345
563,Fanø,2018,3401
563,Fanø,2019,3404
563,Fanø,2020,3488
563,Fanø,2021,3456
563,Fanø,2022,3427
563,Fanø,2023,3426
563,Fanø,2024,3357
710,Favrskov,2008,45604
710,Favrskov,2009,46248
710,Favrskov,2010,46529
710,Favrskov,2011,46894
710,Favrskov,2012,47117
710,Favrskov,2013,47156
710,Favrskov,2014,47163
710,Favrskov,2015,47523
710,Favrskov,2016,47655
710,Favrskov,2017,47915
710,Favrskov,2018,48271
710,Favrskov,2019,48374
710,Favrskov,2020,48397
710,Favrskov,2021,48381
710,Favrskov,2022,48880
710,Favrskov,2023,49408
710,Favrskov,2024,49377
320,Faxe,2008,35418
320,Faxe,2009,35441
320,Faxe,2010,35306
320,Faxe,2011,35277
320,Faxe,2012,35110
320,Faxe,2013,35123
320,Faxe,2014,35119
320,Faxe,2015,35195
320,Faxe,2016,35614
320,Faxe,2017,35916
320,Faxe,2018,36139
320,Faxe,2019,36513
320,Faxe,2020,36576
320,Faxe,2021,36713
320,Faxe,2022,37161
320,Faxe,2023,37344
320,Faxe,2024,37753
210,Fredensborg,2008,39240
210,Fredensborg,2009,39254
210,Fredensborg,2010,39226
210,Fredensborg,2011,39341
210,Fredensborg,2012,39565
210,Fredensborg,2013,39462
210,Fredensborg,2014,39585
210,Fredensborg,2015,39772
210,Fredensborg,2016,40112
210,Fredensborg,2017,40504
210,Fredensborg,2018,40779
210,Fredensborg,2019,40819
210,Fredensborg,2020,40865
210,Fredensborg,2021,40998
210,Fredensborg,2022,41211
210,Fredensborg,2023,41689
210,Fredensborg,2024,42009
607,Fredericia,2008,49463
607,Fredericia,2009,49690
607,Fredericia,2010,49849
607,Fredericia,2011,50104
607,Fredericia,2012,50193
607,Fredericia,2013,50374
607,Fredericia,2014,50324
607,Fredericia,2015,50429
607,Fredericia,2016,50689
607,Fredericia,2017,50868
607,Fredericia,2018,51326
607,Fredericia,2019,51427
607,Fredericia,2020,51377
607,Fredericia,2021,51275
607,Fredericia,2022,51606
607,Fredericia,2023,52173
607,Fredericia,2024,52485
147,Frederiksberg,2008,93444
147,Frederiksberg,2009,95029
147,Frederiksberg,2010,96718
147,Frederiksberg,2011,98782
147,Frederiksberg,2012,100215
147,Frederiksberg,2013,102029
147,Frederiksberg,2014,102717
147,Frederiksberg,2015,103192
147,Frederiksberg,2016,104481
147,Frederiksberg,2017,105037
147,Frederiksberg,2018,104410
147,Frederiksberg,2019,103960
147,Frederiksberg,2020,104305
147,Frederiksberg,2021,103677
147,Frederiksberg,2022,103608
147,Frederiksberg,2023,104664
147,Frederiksberg,2024,104899
813,Frederikshavn,2008,62751
813,Frederikshavn,2009,62525
813,Frederikshavn,2010,62007
813,Frederikshavn,2011,61576
813,Frederikshavn,2012,61158
813,Frederikshavn,2013,60775
813,Frederikshavn,2014,60458
813,Frederikshavn,2015,60377
813,Frederikshavn,2016,60246
813,Frederikshavn,2017,60356
813,Frederikshavn,2018,60140
813,Frederikshavn,2019,59987
813,Frederikshavn,2020,59654
813,Frederikshavn,2021,59039
813,Frederikshavn,2022,58878
813,Frederikshavn,2023,58864
813,Frederikshavn,2024,58376
250,Frederikssund,2008,44102
250,Frederikssund,2009,44246
250,Frederikssund,2010,44182
250,Frederikssund,2011,44307
250,Frederikssund,2012,44345
250,Frederikssund,2013,44365
250,Frederikssund,2014,44401
250,Frederikssund,2015,44413
250,Frederikssund,2016,44725
250,Frederikssund,2017,45036
250,Frederikssund,2018,45189
250,Frederikssund,2019,45332
250,Frederikssund,2020,45223
250,Frederikssund,2021,45439
250,Frederikssund,2022,45800
250,Frederikssund,2023,46117
250,Frederikssund,2024,46358
190,Furesø,2008,37667
190,Furesø,2009,37864
190,Furesø,2010,38232
190,Furesø,2011,38286
190,Furesø,2012,38243
190,Furesø,2013,38236
190,Furesø,2014,38492
190,Furesø,2015,39077
190,Furesø,2016,40156
190,Furesø,2017,40613
190,Furesø,2018,40911
190,Furesø,2019,41069
190,Furesø,2020,40965
190,Furesø,2021,41001
190,Furesø,2022,41402
190,Furesø,2023,42077
190,Furesø,2024,42533
157,Gentofte,2008,68913
157,Gentofte,2009,69794
157,Gentofte,2010,71052
157,Gentofte,2011,71714
157,Gentofte,2012,72814
157,Gentofte,2013,73360
157,Gentofte,2014,74282
157,Gentofte,2015,74932
157,Gentofte,2016,75350
157,Gentofte,2017,75805
157,Gentofte,2018,75803
157,Gentofte,2019,75176
157,Gentofte,2020,74830
157,Gentofte,2021,74550
157,Gentofte,2022,74217
157,Gentofte,2023,74838
157,Gentofte,2024,75033
159,Gladsaxe,2008,62562
159,Gladsaxe,2009,63233
159,Gladsaxe,2010,64102
159,Gladsaxe,2011,64951
159,Gladsaxe,2012,65303
159,Gladsaxe,2013,66030
159,Gladsaxe,2014,66656
159,Gladsaxe,2015,67347
159,Gladsaxe,2016,67914
159,Gladsaxe,2017,68775
159,Gladsaxe,2018,69484
159,Gladsaxe,2019,69681
159,Gladsaxe,2020,69262
159,Gladsaxe,2021,69200
159,Gladsaxe,2022,69259
159,Gladsaxe,2023,70001
159,Gladsaxe,2024,70600
161,Glostrup,2008,20673
161,Glostrup,2009,21008
161,Glostrup,2010,21296
161,Glostrup,2011,21384
161,Glostrup,2012,21650
161,Glostrup,2013,21869
161,Glostrup,2014,22066
161,Glostrup,2015,22357
161,Glostrup,2016,22461
161,Glostrup,2017,22528
161,Glostrup,2018,22663
161,Glostrup,2019,22615
161,Glostrup,2020,23128
161,Glostrup,2021,23380
161,Glostrup,2022,23514
161,Glostrup,2023,23635
161,Glostrup,2024,23655
253,Greve,2008,47773
253,Greve,2009,47951
253,Greve,2010,47826
253,Greve,2011,47978
253,Greve,2012,47942
253,Greve,2013,47980
253,Greve,2014,48095
253,Greve,2015,48835
253,Greve,2016,49518
253,Greve,2017,49921
253,Greve,2018,49974
253,Greve,2019,50267
253,Greve,2020,50558
253,Greve,2021,50514
253,Greve,2022,50818
253,Greve,2023,51507
253,Greve,2024,52157
270,Gribskov,2008,40512
270,Gribskov,2009,40627
270,Gribskov,2010,40694
270,Gribskov,2011,40700
270,Gribskov,2012,40603
270,Gribskov,2013,40655
270,Gribskov,2014,40778
270,Gribskov,2015,40855
270,Gribskov,2016,41107
270,Gribskov,2017,41213
270,Gribskov,2018,41217
270,Gribskov,2019,41195
270,Gribskov,2020,41048
270,Gribskov,2021,40971
270,Gribskov,2022,41147
270,Gribskov,2023,41547
270,Gribskov,2024,41920
376,Guldborgsund,2008,63496
376,Guldborgsund,2009,63211
376,Guldborgsund,2010,62912
376,Guldborgsund,2011,62583
376,Guldborgsund,2012,61913
376,Guldborgsund,2013,61322
376,Guldborgsund,2014,61007
376,Guldborgsund,2015,60829
376,Guldborgsund,2016,60979
376,Guldborgsund,2017,61257
376,Guldborgsund,2018,61219
376,Guldborgsund,2019,60930
376,Guldborgsund,2020,60722
376,Guldborgsund,2021,60328
376,Guldborgsund,2022,60310
376,Guldborgsund,2023,60231
376,Guldborgsund,2024,59759
510,Haderslev,2008,56414
510,Haderslev,2009,56508
510,Haderslev,2010,56346
510,Haderslev,2011,56117
510,Haderslev,2012,56188
510,Haderslev,2013,56051
510,Haderslev,2014,55906
510,Haderslev,2015,55888
510,Haderslev,2016,56029
510,Haderslev,2017,56045
510,Haderslev,2018,55963
510,Haderslev,2019,55857
510,Haderslev,2020,55670
510,Haderslev,2021,55376
510,Haderslev,2022,55340
510,Haderslev,2023,55353
510,Haderslev,2024,55438
260,Halsnæs,2008,30824
260,Halsnæs,2009,31013
260,Halsnæs,2010,31077
260,Halsnæs,2011,31056
260,Halsnæs,2012,30980
260,Halsnæs,2013,30803
260,Halsnæs,2014,30647
260,Halsnæs,2015,30736
260,Halsnæs,2016,31049
260,Halsnæs,2017,31162
260,Halsnæs,2018,31168
260,Halsnæs,2019,31271
260,Halsnæs,2020,31384
260,Halsnæs,2021,31420
260,Halsnæs,2022,31344
260,Halsnæs,2023,31466
260,Halsnæs,2024,31515
766,Hedensted,2008,45561
766,Hedensted,2009,45954
766,Hedensted,2010,45982
766,Hedensted,2011,45980
766,Hedensted,2012,46029
766,Hedensted,2013,45868
766,Hedensted,2014,45715
766,Hedensted,2015,46091
766,Hedensted,2016,46206
766,Hedensted,2017,46524
766,Hedensted,2018,46616
766,Hedensted,2019,46747
766,Hedensted,2020,46722
766,Hedensted,2021,46773
766,Hedensted,2022,47099
766,Hedensted,2023,47609
766,Hedensted,2024,47725
217,Helsingør,2008,60844
217,Helsingør,2009,61053
217,Helsingør,2010,61143
217,Helsingør,2011,61368
217,Helsingør,2012,61493
217,Helsingør,2013,61613
217,Helsingør,2014,61519
217,Helsingør,2015,61632
217,Helsingør,2016,62092
217,Helsingør,2017,62443
217,Helsingør,2018,62686
217,Helsingør,2019,62567
217,Helsingør,2020,62695
217,Helsingør,2021,63000
217,Helsingør,2022,62875
217,Helsingør,2023,63399
217,Helsingør,2024,63838
163,Herlev,2008,26567
163,Herlev,2009,26635
163,Herlev,2010,26556
163,Herlev,2011,26597
163,Herlev,2012,26608
163,Herlev,2013,26958
163,Herlev,2014,27706
163,Herlev,2015,28148
163,Herlev,2016,28423
163,Herlev,2017,28406
163,Herlev,2018,28572
163,Herlev,2019,28786
163,Herlev,2020,28953
163,Herlev,2021,28913
163,Herlev,2022,28867
163,Herlev,2023,29215
163,Herlev,2024,29876
657,Herning,2008,84208
657,Herning,2009,85217
657,Herning,2010,85548
657,Herning,2011,85852
657,Herning,2012,86348
657,Herning,2013,86595
657,Herning,2014,86842
657,Herning,2015,86864
657,Herning,2016,87593
657,Herning,2017,88386
657,Herning,2018,88733
657,Herning,2019,88917
657,Herning,2020,89127
657,Herning,2021,89238
657,Herning,2022,89230
657,Herning,2023,89952
657,Herning,2024,89848
219,Hillerød,2008,46568
219,Hillerød,2009,47081
219,Hillerød,2010,47473
219,Hillerød,2011,47916
219,Hillerød,2012,48203
219,Hillerød,2013,48315
219,Hillerød,2014,48695
219,Hillerød,2015,49108
219,Hillerød,2016,49672
219,Hillerød,2017,50109
219,Hillerød,2018,50650
219,Hillerød,2019,50998
219,Hillerød,2020,51183
219,Hillerød,2021,51528
219,Hillerød,2022,53257
219,Hillerød,2023,54159
219,Hillerød,2024,54422
860,Hjørring,2008,67121
860,Hjørring,2009,67102
860,Hjørring,2010,66803
860,Hjørring,2011,66473
860,Hjørring,2012,66178
860,Hjørring,2013,65767
860,Hjørring,2014,65405
860,Hjørring,2015,65295
860,Hjørring,2016,65411
860,Hjørring,2017,65307
860,Hjørring,2018,65257
860,Hjørring,2019,64665
860,Hjørring,2020,64483
860,Hjørring,2021,64155
860,Hjørring,2022,63839
860,Hjørring,2023,63998
860,Hjørring,2024,63544
316,Holbæk,2008,69010
316,Holbæk,2009,69528
316,Holbæk,2010,69550
316,Holbæk,2011,69521
316,Holbæk,2012,69415
316,Holbæk,2013,69263
316,Holbæk,2014,69016
316,Holbæk,2015,69035
316,Holbæk,2016,69972
316,Holbæk,2017,70950
316,Holbæk,2018,70983
316,Holbæk,2019,71297
316,Holbæk,2020,71541
316,Holbæk,2021,71913
316,Holbæk,2022,72810
316,Holbæk,2023,73440
316,Holbæk,2024,74129
661,Holstebro,2008,57020
661,Holstebro,2009,57267
661,Holstebro,2010,57056
661,Holstebro,2011,57161
661,Holstebro,2012,57153
661,Holstebro,2013,57254
661,Holstebro,2014,57338
661,Holstebro,2015,57494
661,Holstebro,2016,57661
661,Holstebro,2017,58125
661,Holstebro,2018,58418
661,Holstebro,2019,58504
661,Holstebro,2020,58591
661,Holstebro,2021,58662
661,Holstebro,2022,58553
661,Holstebro,2023,58978
661,Holstebro,2024,59016
615,Horsens,2008,80102
615,Horsens,2009,81565
615,Horsens,2010,81957
615,Horsens,2011,82835
615,Horsens,2012,83598
615,Horsens,2013,84871
615,Horsens,2014,85662
615,Horsens,2015,86361
615,Horsens,2016,87736
615,Horsens,2017,89030
615,Horsens,2018,89598
615,Horsens,2019,90370
615,Horsens,2020,90966
615,Horsens,2021,92229
615,Horsens,2022,94443
615,Horsens,2023,96480
615,Horsens,2024,97392
167,Hvidovre,2008,49380
167,Hvidovre,2009,49366
167,Hvidovre,2010,49724
167,Hvidovre,2011,50081
167,Hvidovre,2012,50600
167,Hvidovre,2013,51341
167,Hvidovre,2014,51842
167,Hvidovre,2015,52380
167,Hvidovre,2016,52831
167,Hvidovre,2017,52964
167,Hvidovre,2018,53282
167,Hvidovre,2019,53416
167,Hvidovre,2020,53527
167,Hvidovre,2021,53451
167,Hvidovre,2022,53267
167,Hvidovre,2023,53443
167,Hvidovre,2024,53760
169,Høje-Taastrup,2008,47158
169,Høje-Taastrup,2009,47400
169,Høje-Taastrup,2010,47664
169,Høje-Taastrup,2011,47753
169,Høje-Taastrup,2012,48081
169,Høje-Taastrup,2013,48471
169,Høje-Taastrup,2014,48807
169,Høje-Taastrup,2015,49230
169,Høje-Taastrup,2016,49960
169,Høje-Taastrup,2017,50246
169,Høje-Taastrup,2018,50596
169,Høje-Taastrup,2019,50686
169,Høje-Taastrup,2020,50759
169,Høje-Taastrup,2021,51729
169,Høje-Taastrup,2022,53053
169,Høje-Taastrup,2023,55258
169,Høje-Taastrup,2024,57540
223,Hørsholm,2008,24197
223,Hørsholm,2009,24310
223,Hørsholm,2010,24378
223,Hørsholm,2011,24415
223,Hørsholm,2012,24365
223,Hørsholm,2013,24543
223,Hørsholm,2014,24709
223,Hørsholm,2015,24856
223,Hørsholm,2016,24965
223,Hørsholm,2017,24977
223,Hørsholm,2018,25028
223,Hørsholm,2019,25007
223,Hørsholm,2020,24864
223,Hørsholm,2021,24917
223,Hørsholm,2022,24761
223,Hørsholm,2023,24715
223,Hørsholm,2024,24811
756,Ikast-Brande,2008,39893
756,Ikast-Brande,2009,40176
756,Ikast-Brande,2010,40312
756,Ikast-Brande,2011,40571
756,Ikast-Brande,2012,40658
756,Ikast-Brande,2013,40468
756,Ikast-Brande,2014,40602
756,Ikast-Brande,2015,40598
756,Ikast-Brande,2016,40798
756,Ikast-Brande,2017,40981
756,Ikast-Brande,2018,41191
756,Ikast-Brande,2019,41282
756,Ikast-Brande,2020,41369
756,Ikast-Brande,2021,41473
756,Ikast-Brande,2022,41885
756,Ikast-Brande,2023,42540
756,Ikast-Brande,2024,42737
183,Ishøj,2008,20687
183,Ishøj,2009,20756
183,Ishøj,2010,20606
183,Ishøj,2011,20797
183,Ishøj,2012,21087
183,Ishøj,2013,21131
183,Ishøj,2014,21547
183,Ishøj,2015,22025
183,Ishøj,2016,22358
183,Ishøj,2017,22719
183,Ishøj,2018,22988
183,Ishøj,2019,22946
183,Ishøj,2020,22989
183,Ishøj,2021,23131
183,Ishøj,2022,23225
183,Ishøj,2023,23457
183,Ishøj,2024,23663
849,Jammerbugt,2008,38957
849,Jammerbugt,2009,38990
849,Jammerbugt,2010,38927
849,Jammerbugt,2011,38733
849,Jammerbugt,2012,38611
849,Jammerbugt,2013,38597
849,Jammerbugt,2014,38351
849,Jammerbugt,2015,38293
849,Jammerbugt,2016,38466
849,Jammerbugt,2017,38581
849,Jammerbugt,2018,38638
849,Jammerbugt,2019,38460
849,Jammerbugt,2020,38324
849,Jammerbugt,2021,38175
849,Jammerbugt,2022,38187
849,Jammerbugt,2023,38364
849,Jammerbugt,2024,38234
326,Kalundborg,2008,49743
326,Kalundborg,2009,49741
326,Kalundborg,2010,49265
326,Kalundborg,2011,49088
326,Kalundborg,2012,48632
326,Kalundborg,2013,48294
326,Kalundborg,2014,48358
326,Kalundborg,2015,48469
326,Kalundborg,2016,48660
326,Kalundborg,2017,48736
326,Kalundborg,2018,48982
326,Kalundborg,2019,48681
326,Kalundborg,2020,48436
326,Kalundborg,2021,48487
326,Kalundborg,2022,48368
326,Kalundborg,2023,48602
326,Kalundborg,2024,48309
440,Kerteminde,2008,23630
440,Kerteminde,2009,23745
440,Kerteminde,2010,23770
440,Kerteminde,2011,23758
440,Kerteminde,2012,23793
440,Kerteminde,2013,23787
440,Kerteminde,2014,23665
440,Kerteminde,2015,23728
440,Kerteminde,2016,23880
440,Kerteminde,2017,23774
440,Kerteminde,2018,23756
440,Kerteminde,2019,23773
440,Kerteminde,2020,23812
440,Kerteminde,2021,23847
440,Kerteminde,2022,24034
440,Kerteminde,2023,23991
440,Kerteminde,2024,23894
621,Kolding,2008,87781
621,Kolding,2009,88519
621,Kolding,2010,89071
621,Kolding,2011,89210
621,Kolding,2012,89412
621,Kolding,2013,89556
621,Kolding,2014,90066
621,Kolding,2015,90794
621,Kolding,2016,91695
621,Kolding,2017,92282
621,Kolding,2018,92515
621,Kolding,2019,92893
621,Kolding,2020,93175
621,Kolding,2021,93161
621,Kolding,2022,93544
621,Kolding,2023,94528
621,Kolding,2024,94932
101,København,2008,509861
101,København,2009,518574
101,København,2010,528208
101,København,2011,539542
101,København,2012,549050
101,København,2013,559440
101,København,2014,569557
101,København,2015,580184
101,København,2016,591481
101,København,2017,602481
101,København,2018,613288
101,København,2019,623404
101,København,2020,632340
101,København,2021,638117
101,København,2022,644431
101,København,2023,653664
101,København,2024,659350
259,Køge,2008,56637
259,Køge,2009,56848
259,Køge,2010,57125
259,Køge,2011,57271
259,Køge,2012,57307
259,Køge,2013,57771
259,Køge,2014,58374
259,Køge,2015,59285
259,Køge,2016,59868
259,Køge,2017,60109
259,Køge,2018,60356
259,Køge,2019,60675
259,Køge,2020,60979
259,Køge,2021,61475
259,Køge,2022,61718
259,Køge,2023,62458
259,Køge,2024,62848
482,Langeland,2008,13741
482,Langeland,2009,13563
482,Langeland,2010,13510
482,Langeland,2011,13322
482,Langeland,2012,13094
482,Langeland,2013,12861
482,Langeland,2014,12695
482,Langeland,2015,12647
482,Langeland,2016,12547
482,Langeland,2017,12578
482,Langeland,2018,12641
482,Langeland,2019,12560
482,Langeland,2020,12491
482,Langeland,2021,12367
482,Langeland,2022,12316
482,Langeland,2023,12384
482,Langeland,2024,12260
350,Lejre,2008,26603
350,Lejre,2009,26778
350,Lejre,2010,26794
350,Lejre,2011,26764
350,Lejre,2012,26887
350,Lejre,2013,26901
350,Lejre,2014,26989
350,Lejre,2015,27172
350,Lejre,2016,27317
350,Lejre,2017,27402
350,Lejre,2018,27544
350,Lejre,2019,27775
350,Lejre,2020,27996
350,Lejre,2021,28173
350,Lejre,2022,28623
350,Lejre,2023,28930
350,Lejre,2024,29347
665,Lemvig,2008,22067
665,Lemvig,2009,21946
665,Lemvig,2010,21790
665,Lemvig,2011,21554
665,Lemvig,2012,21384
665,Lemvig,2013,21223
665,Lemvig,2014,20933
665,Lemvig,2015,20657
665,Lemvig,2016,20399
665,Lemvig,2017,20291
665,Lemvig,2018,20133
665,Lemvig,2019,19998
665,Lemvig,2020,19722
665,Lemvig,2021,19607
665,Lemvig,2022,19398
665,Lemvig,2023,19371
665,Lemvig,2024,19110
360,Lolland,2008,48219
360,Lolland,2009,47757
360,Lolland,2010,46984
360,Lolland,2011,46111
360,Lolland,2012,45241
360,Lolland,2013,44436
360,Lolland,2014,43528
360,Lolland,2015,43024
360,Lolland,2016,42638
360,Lolland,2017,42285
360,Lolland,2018,41982
360,Lolland,2019,41615
360,Lolland,2020,41105
360,Lolland,2021,40539
360,Lolland,2022,40107
360,Lolland,2023,39921
360,Lolland,2024,39632
173,Lyngby-Taarbæk,2008,51449
173,Lyngby-Taarbæk,2009,51532
173,Lyngby-Taarbæk,2010,52237
173,Lyngby-Taarbæk,2011,52754
173,Lyngby-Taarbæk,2012,53251
173,Lyngby-Taarbæk,2013,53840
173,Lyngby-Taarbæk,2014,54237
173,Lyngby-Taarbæk,2015,54778
173,Lyngby-Taarbæk,2016,55097
173,Lyngby-Taarbæk,2017,55240
173,Lyngby-Taarbæk,2018,55472
173,Lyngby-Taarbæk,2019,55790
173,Lyngby-Taarbæk,2020,56214
173,Lyngby-Taarbæk,2021,56614
173,Lyngby-Taarbæk,2022,57826
173,Lyngby-Taarbæk,2023,58434
173,Lyngby-Taarbæk,2024,58538
825,Læsø,2008,2003
825,Læsø,2009,1993
825,Læsø,2010,1969
825,Læsø,2011,1949
825,Læsø,2012,1897
825,Læsø,2013,1839
825,Læsø,2014,1808
825,Læsø,2015,1795
825,Læsø,2016,1817
825,Læsø,2017,1793
825,Læsø,2018,1807
825,Læsø,2019,1806
825,Læsø,2020,1786
825,Læsø,2021,1764
825,Læsø,2022,1769
825,Læsø,2023,1789
825,Læsø,2024,1759
846,Mariagerfjord,2008,42667
846,Mariagerfjord,2009,42762
846,Mariagerfjord,2010,42604
846,Mariagerfjord,2011,42572
846,Mariagerfjord,2012,42429
846,Mariagerfjord,2013,42111
846,Mariagerfjord,2014,42093
846,Mariagerfjord,2015,42134
846,Mariagerfjord,2016,42131
846,Mariagerfjord,2017,42066
846,Mariagerfjord,2018,42125
846,Mariagerfjord,2019,42055
846,Mariagerfjord,2020,41800
846,Mariagerfjord,2021,41536
846,Mariagerfjord,2022,41662
846,Mariagerfjord,2023,41859
846,Mariagerfjord,2024,41762
410,Middelfart,2008,37274
410,Middelfart,2009,37625
410,Middelfart,2010,37661
410,Middelfart,2011,37701
410,Middelfart,2012,37612
410,Middelfart,2013,37523
410,Middelfart,2014,37685
410,Middelfart,2015,37857
410,Middelfart,2016,37913
410,Middelfart,2017,38093
410,Middelfart,2018,38210
410,Middelfart,2019,38553
410,Middelfart,2020,38853
410,Middelfart,2021,39116
410,Middelfart,2022,39603
410,Middelfart,2023,39961
410,Middelfart,2024,40158
773,Morsø,2008,22091
773,Morsø,2009,22098
773,Morsø,2010,21833
773,Morsø,2011,21600
773,Morsø,2012,21474
773,Morsø,2013,21189
773,Morsø,2014,21003
773,Morsø,2015,20816
773,Morsø,2016,20629
773,Morsø,2017,20665
773,Morsø,2018,20514
773,Morsø,2019,20403
773,Morsø,2020,20247
773,Morsø,2021,20066
773,Morsø,2022,20068
773,Morsø,2023,19927
773,Morsø,2024,19734
707,Norddjurs,2008,38581
707,Norddjurs,2009,38390
707,Norddjurs,2010,38148
707,Norddjurs,2011,38029
707,Norddjurs,2012,37876
707,Norddjurs,2013,38035
707,Norddjurs,2014,37925
707,Norddjurs,2015,37898
707,Norddjurs,2016,38144
707,Norddjurs,2017,38099
707,Norddjurs,2018,38197
707,Norddjurs,2019,37680
707,Norddjurs,2020,37089
707,Norddjurs,2021,36943
707,Norddjurs,2022,36921
707,Norddjurs,2023,36978
707,Norddjurs,2024,36773
480,Nordfyns,2008,29470
480,Nordfyns,2009,29651
480,Nordfyns,2010,29638
480,Nordfyns,2011,29507
480,Nordfyns,2012,29330
480,Nordfyns,2013,29224
480,Nordfyns,2014,29066
480,Nordfyns,2015,29030
480,Nordfyns,2016,29298
480,Nordfyns,2017,29446
480,Nordfyns,2018,29516
480,Nordfyns,2019,29693
480,Nordfyns,2020,29665
480,Nordfyns,2021,29549
480,Nordfyns,2022,29714
480,Nordfyns,2023,29726
480,Nordfyns,2024,29610
450,Nyborg,2008,31607
450,Nyborg,2009,31714
450,Nyborg,2010,31690
450,Nyborg,2011,31499
450,Nyborg,2012,31486
450,Nyborg,2013,31350
450,Nyborg,2014,31314
450,Nyborg,2015,31573
450,Nyborg,2016,31886
450,Nyborg,2017,32142
450,Nyborg,2018,32032
450,Nyborg,2019,32042
450,Nyborg,2020,32009
450,Nyborg,2021,31933
450,Nyborg,2022,32098
450,Nyborg,2023,32262
450,Nyborg,2024,32193
370,Næstved,2008,80732
370,Næstved,2009,80954
370,Næstved,2010,81112
370,Næstved,2011,80963
370,Næstved,2012,81012
370,Næstved,2013,81163
370,Næstved,2014,81432
370,Næstved,2015,81687
370,Næstved,2016,82342
370,Næstved,2017,82581
370,Næstved,2018,82938
370,Næstved,2019,82991
370,Næstved,2020,83143
370,Næstved,2021,83181
370,Næstved,2022,83801
370,Næstved,2023,84574
370,Næstved,2024,84747
727,Odder,2008,21562
727,Odder,2009,21593
727,Odder,2010,21721
727,Odder,2011,21852
727,Odder,2012,21749
727,Odder,2013,21800
727,Odder,2014,21773
727,Odder,2015,21928
727,Odder,2016,22131
727,Odder,2017,22331
727,Odder,2018,22626
727,Odder,2019,22675
727,Odder,2020,22844
727,Odder,2021,22979
727,Odder,2022,23304
727,Odder,2023,23626
727,Odder,2024,23896
461,Odense,2008,186932
461,Odense,2009,187929
461,Odense,2010,188777
461,Odense,2011,190245
461,Odense,2012,191610
461,Odense,2013,193370
461,Odense,2014,195797
461,Odense,2015,197480
461,Odense,2016,198972
461,Odense,2017,200563
461,Odense,2018,202348
461,Odense,2019,204182
461,Odense,2020,204895
461,Odense,2021,205509
461,Odense,2022,205978
461,Odense,2023,207762
461,Odense,2024,209078
306,Odsherred,2008,33129
306,Odsherred,2009,33159
306,Odsherred,2010,33030
306,Odsherred,2011,32845
306,Odsherred,2012,32640
306,Odsherred,2013,32452
306,Odsherred,2014,32534
306,Odsherred,2015,32665
306,Odsherred,2016,32816
306,Odsherred,2017,33023
306,Odsherred,2018,33083
306,Odsherred,2019,33122
306,Odsherred,2020,32957
306,Odsherred,2021,32923
306,Odsherred,2022,32881
306,Odsherred,2023,32977
306,Odsherred,2024,32605
730,Randers,2008,93644
730,Randers,2009,94221
730,Randers,2010,94750
730,Randers,2011,95318
730,Randers,2012,95756
730,Randers,2013,96007
730,Randers,2014,96343
730,Randers,2015,96800
730,Randers,2016,97520
730,Randers,2017,98118
730,Randers,2018,98265
730,Randers,2019,97909
730,Randers,2020,97805
730,Randers,2021,98190
730,Randers,2022,98988
730,Randers,2023,99931
730,Randers,2024,99974
840,Rebild,2008,28753
840,Rebild,2009,28900
840,Rebild,2010,28852
840,Rebild,2011,28940
840,Rebild,2012,28911
840,Rebild,2013,28866
840,Rebild,2014,28794
840,Rebild,2015,28859
840,Rebild,2016,29149
840,Rebild,2017,29391
840,Rebild,2018,29827
840,Rebild,2019,29916
840,Rebild,2020,30113
840,Rebild,2021,30518
840,Rebild,2022,30646
840,Rebild,2023,30908
840,Rebild,2024,30937
760,Ringkøbing-Skjern,2008,58368
760,Ringkøbing-Skjern,2009,58803
760,Ringkøbing-Skjern,2010,58439
760,Ringkøbing-Skjern,2011,58068
760,Ringkøbing-Skjern,2012,57892
760,Ringkøbing-Skjern,2013,57529
760,Ringkøbing-Skjern,2014,57093
760,Ringkøbing-Skjern,2015,57042
760,Ringkøbing-Skjern,2016,57139
760,Ringkøbing-Skjern,2017,57022
760,Ringkøbing-Skjern,2018,57005
760,Ringkøbing-Skjern,2019,56930
760,Ringkøbing-Skjern,2020,56594
760,Ringkøbing-Skjern,2021,56182
760,Ringkøbing-Skjern,2022,56203
760,Ringkøbing-Skjern,2023,56348
760,Ringkøbing-Skjern,2024,56218
329,Ringsted,2008,32092
329,Ringsted,2009,32442
329,Ringsted,2010,32584
329,Ringsted,2011,32890
329,Ringsted,2012,33153
329,Ringsted,2013,33217
329,Ringsted,2014,33349
329,Ringsted,2015,33573
329,Ringsted,2016,34031
329,Ringsted,2017,34259
329,Ringsted,2018,34473
329,Ringsted,2019,34725
329,Ringsted,2020,34852
329,Ringsted,2021,34847
329,Ringsted,2022,35141
329,Ringsted,2023,35906
329,Ringsted,2024,36356
265,Roskilde,2008,80687
265,Roskilde,2009,81285
265,Roskilde,2010,81947
265,Roskilde,2011,82542
265,Roskilde,2012,83137
265,Roskilde,2013,83554
265,Roskilde,2014,84219
265,Roskilde,2015,85026
265,Roskilde,2016,86207
265,Roskilde,2017,87015
265,Roskilde,2018,87382
265,Roskilde,2019,87577
265,Roskilde,2020,87914
265,Roskilde,2021,88889
265,Roskilde,2022,89447
265,Roskilde,2023,90446
265,Roskilde,2024,90931
230,Rudersdal,2008,53869
230,Rudersdal,2009,53915
230,Rudersdal,2010,54444
230,Rudersdal,2011,54765
230,Rudersdal,2012,54630
230,Rudersdal,2013,54827
230,Rudersdal,2014,55034
230,Rudersdal,2015,55441
230,Rudersdal,2016,55739
230,Rudersdal,2017,56133
230,Rudersdal,2018,55989
230,Rudersdal,2019,56509
230,Rudersdal,2020,56728
230,Rudersdal,2021,57024
230,Rudersdal,2022,57247
230,Rudersdal,2023,57193
230,Rudersdal,2024,57237
175,Rødovre,2008,36144
175,Rødovre,2009,36228
175,Rødovre,2010,36233
175,Rødovre,2011,36524
175,Rødovre,2012,36883
175,Rødovre,2013,37351
175,Rødovre,2014,37552
175,Rødovre,2015,37743
175,Rødovre,2016,38002
175,Rødovre,2017,38492
175,Rødovre,2018,39343
175,Rødovre,2019,40052
175,Rødovre,2020,40652
175,Rødovre,2021,41113
175,Rødovre,2022,41382
175,Rødovre,2023,42563
175,Rødovre,2024,44328
741,Samsø,2008,4085
741,Samsø,2009,4003
741,Samsø,2010,4010
741,Samsø,2011,3885
741,Samsø,2012,3889
741,Samsø,2013,3806
741,Samsø,2014,3767
741,Samsø,2015,3733
741,Samsø,2016,3710
741,Samsø,2017,3724
741,Samsø,2018,3720
741,Samsø,2019,3684
741,Samsø,2020,3657
741,Samsø,2021,3682
741,Samsø,2022,3716
741,Samsø,2023,3775
741,Samsø,2024,3694
740,Silkeborg,2008,87371
740,Silkeborg,2009,88016
740,Silkeborg,2010,88481
740,Silkeborg,2011,88913
740,Silkeborg,2012,89328
740,Silkeborg,2013,89346
740,Silkeborg,2014,89633
740,Silkeborg,2015,90016
740,Silkeborg,2016,90719
740,Silkeborg,2017,91237
740,Silkeborg,2018,92024
740,Silkeborg,2019,93054
740,Silkeborg,2020,94026
740,Silkeborg,2021,95488
740,Silkeborg,2022,97358
740,Silkeborg,2023,99400
740,Silkeborg,2024,100747
746,Skanderborg,2008,56044
746,Skanderborg,2009,56636
746,Skanderborg,2010,57303
746,Skanderborg,2011,57717
746,Skanderborg,2012,58008
746,Skanderborg,2013,58094
746,Skanderborg,2014,58176
746,Skanderborg,2015,58782
746,Skanderborg,2016,59481
746,Skanderborg,2017,60401
746,Skanderborg,2018,61158
746,Skanderborg,2019,61974
746,Skanderborg,2020,62678
746,Skanderborg,2021,63390
746,Skanderborg,2022,64318
746,Skanderborg,2023,65138
746,Skanderborg,2024,65205
779,Skive,2008,48356
779,Skive,2009,48300
779,Skive,2010,48137
779,Skive,2011,47986
779,Skive,2012,47620
779,Skive,2013,47291
779,Skive,2014,46942
779,Skive,2015,46641
779,Skive,2016,46639
779,Skive,2017,46540
779,Skive,2018,46599
779,Skive,2019,46224
779,Skive,2020,45851
779,Skive,2021,45425
779,Skive,2022,45078
779,Skive,2023,45069
779,Skive,2024,44739
330,Slagelse,2008,77457
330,Slagelse,2009,77457
330,Slagelse,2010,77475
330,Slagelse,2011,77442
330,Slagelse,2012,77310
330,Slagelse,2013,77167
330,Slagelse,2014,76948
330,Slagelse,2015,77293
330,Slagelse,2016,78140
330,Slagelse,2017,78828
330,Slagelse,2018,78968
330,Slagelse,2019,79073
330,Slagelse,2020,79073
330,Slagelse,2021,79122
330,Slagelse,2022,79691
330,Slagelse,2023,79728
330,Slagelse,2024,79923
269,Solrød,2008,20759
269,Solrød,2009,20743
269,Solrød,2010,20882
269,Solrød,2011,20964
269,Solrød,2012,21156
269,Solrød,2013,21145
269,Solrød,2014,21339
269,Solrød,2015,21552
269,Solrød,2016,21788
269,Solrød,2017,22147
269,Solrød,2018,22518
269,Solrød,2019,23065
269,Solrød,2020,23255
269,Solrød,2021,23441
269,Solrød,2022,23794
269,Solrød,2023,24216
269,Solrød,2024,24579
340,Sorø,2008,29180
340,Sorø,2009,29458
340,Sorø,2010,29522
340,Sorø,2011,29499
340,Sorø,2012,29393
340,Sorø,2013,29288
340,Sorø,2014,29299
340,Sorø,2015,29331
340,Sorø,2016,29543
340,Sorø,2017,29595
340,Sorø,2018,29669
340,Sorø,2019,29834
340,Sorø,2020,29881
340,Sorø,2021,29993
340,Sorø,2022,30018
340,Sorø,2023,30444
340,Sorø,2024,30478
336,Stevns,2008,21892
336,Stevns,2009,21948
336,Stevns,2010,21931
336,Stevns,2011,21855
336,Stevns,2012,21855
336,Stevns,2013,21818
336,Stevns,2014,21825
336,Stevns,2015,22038
336,Stevns,2016,22260
336,Stevns,2017,22492
336,Stevns,2018,22727
336,Stevns,2019,22782
336,Stevns,2020,22805
336,Stevns,2021,23034
336,Stevns,2022,23473
336,Stevns,2023,23692
336,Stevns,2024,23649
671,Struer,2008,22672
671,Struer,2009,22642
671,Struer,2010,22483
671,Struer,2011,22190
671,Struer,2012,22098
671,Struer,2013,21846
671,Struer,2014,21533
671,Struer,2015,21439
671,Struer,2016,21474
671,Struer,2017,21347
671,Struer,2018,21270
671,Struer,2019,21143
671,Struer,2020,21036
671,Struer,2021,20808
671,Struer,2022,20802
671,Struer,2023,20794
671,Struer,2024,20594
479,Svendborg,2008,59040
479,Svendborg,2009,59185
479,Svendborg,2010,58998
479,Svendborg,2011,58713
479,Svendborg,2012,58551
479,Svendborg,2013,58296
479,Svendborg,2014,57979
479,Svendborg,2015,57988
479,Svendborg,2016,58228
479,Svendborg,2017,58510
479,Svendborg,2018,58698
479,Svendborg,2019,58599
479,Svendborg,2020,58296
479,Svendborg,2021,58588
479,Svendborg,2022,59193
479,Svendborg,2023,59735
479,Svendborg,2024,59727
706,Syddjurs,2008,41281
706,Syddjurs,2009,41314
706,Syddjurs,2010,41392
706,Syddjurs,2011,41734
706,Syddjurs,2012,41815
706,Syddjurs,2013,41894
706,Syddjurs,2014,41719
706,Syddjurs,2015,41652
706,Syddjurs,2016,41889
706,Syddjurs,2017,42021
706,Syddjurs,2018,42468
706,Syddjurs,2019,42768
706,Syddjurs,2020,42962
706,Syddjurs,2021,43168
706,Syddjurs,2022,43596
706,Syddjurs,2023,44207
706,Syddjurs,2024,44076
540,Sønderborg,2008,76913
540,Sønderborg,2009,76793
540,Sønderborg,2010,76439
540,Sønderborg,2011,76193
540,Sønderborg,2012,76094
540,Sønderborg,2013,75732
540,Sønderborg,2014,75264
540,Sønderborg,2015,74937
540,Sønderborg,2016,74737
540,Sønderborg,2017,74801
540,Sønderborg,2018,74650
540,Sønderborg,2019,74561
540,Sønderborg,2020,74220
540,Sønderborg,2021,73831
540,Sønderborg,2022,73711
540,Sønderborg,2023,74380
540,Sønderborg,2024,74233
787,Thisted,2008,45549
787,Thisted,2009,45596
787,Thisted,2010,45297
787,Thisted,2011,45145
787,Thisted,2012,44908
787,Thisted,2013,44494
787,Thisted,2014,44230
787,Thisted,2015,44078
787,Thisted,2016,43991
787,Thisted,2017,43826
787,Thisted,2018,43716
787,Thisted,2019,43660
787,Thisted,2020,43423
787,Thisted,2021,43160
787,Thisted,2022,43089
787,Thisted,2023,43383
787,Thisted,2024,42989
185,Tårnby,2008,40016
185,Tårnby,2009,40214
185,Tårnby,2010,40383
185,Tårnby,2011,40835
185,Tårnby,2012,41151
185,Tårnby,2013,41572
185,Tårnby,2014,41992
185,Tårnby,2015,42573
185,Tårnby,2016,42860
185,Tårnby,2017,43010
185,Tårnby,2018,43063
185,Tårnby,2019,42984
185,Tårnby,2020,42989
185,Tårnby,2021,42670
185,Tårnby,2022,42723
185,Tårnby,2023,43042
185,Tårnby,2024,43915
550,Tønder,2008,40367
550,Tønder,2009,40216
550,Tønder,2010,39710
550,Tønder,2011,39464
550,Tønder,2012,39083
550,Tønder,2013,38686
550,Tønder,2014,38316
550,Tønder,2015,38010
550,Tønder,2016,37904
550,Tønder,2017,37928
550,Tønder,2018,37777
550,Tønder,2019,37587
550,Tønder,2020,37366
550,Tønder,2021,37050
550,Tønder,2022,36849
550,Tønder,2023,36878
550,Tønder,2024,36651
187,Vallensbæk,2008,12399
187,Vallensbæk,2009,13365
187,Vallensbæk,2010,14045
187,Vallensbæk,2011,14445
187,Vallensbæk,2012,14565
187,Vallensbæk,2013,14797
187,Vallensbæk,2014,15095
187,Vallensbæk,2015,15204
187,Vallensbæk,2016,15419
187,Vallensbæk,2017,15705
187,Vallensbæk,2018,16280
187,Vallensbæk,2019,16654
187,Vallensbæk,2020,16633
187,Vallensbæk,2021,16515
187,Vallensbæk,2022,16488
187,Vallensbæk,2023,17031
187,Vallensbæk,2024,17800
573,Varde,2008,50125
573,Varde,2009,50475
573,Varde,2010,50378
573,Varde,2011,50351
573,Varde,2012,50193
573,Varde,2013,49969
573,Varde,2014,49958
573,Varde,2015,50122
573,Varde,2016,50289
573,Varde,2017,50452
573,Varde,2018,50301
573,Varde,2019,50129
573,Varde,2020,49961
573,Varde,2021,49628
573,Varde,2022,49664
573,Varde,2023,49995
573,Varde,2024,49798
575,Vejen,2008,42447
575,Vejen,2009,42807
575,Vejen,2010,42768
575,Vejen,2011,42683
575,Vejen,2012,42785
575,Vejen,2013,42700
575,Vejen,2014,42667
575,Vejen,2015,42601
575,Vejen,2016,42869
575,Vejen,2017,42822
575,Vejen,2018,42844
575,Vejen,2019,42863
575,Vejen,2020,42742
575,Vejen,2021,42790
575,Vejen,2022,42596
575,Vejen,2023,42924
575,Vejen,2024,42800
630,Vejle,2008,104933
630,Vejle,2009,105884
630,Vejle,2010,106383
630,Vejle,2011,107218
630,Vejle,2012,108021
630,Vejle,2013,108826
630,Vejle,2014,109652
630,Vejle,2015,110471
630,Vejle,2016,111743
630,Vejle,2017,113243
630,Vejle,2018,114140
630,Vejle,2019,114830
630,Vejle,2020,115748
630,Vejle,2021,116992
630,Vejle,2022,119060
630,Vejle,2023,120949
630,Vejle,2024,121696
820,Vesthimmerlands,2008,38277
820,Vesthimmerlands,2009,38495
820,Vesthimmerlands,2010,38106
820,Vesthimmerlands,2011,37864
820,Vesthimmerlands,2012,37534
820,Vesthimmerlands,2013,37586
820,Vesthimmerlands,2014,37479
820,Vesthimmerlands,2015,37399
820,Vesthimmerlands,2016,37296
820,Vesthimmerlands,2017,37285
820,Vesthimmerlands,2018,37277
820,Vesthimmerlands,2019,37121
820,Vesthimmerlands,2020,36727
820,Vesthimmerlands,2021,36362
820,Vesthimmerlands,2022,36326
820,Vesthimmerlands,2023,36431
820,Vesthimmerlands,2024,36012
791,Viborg,2008,92084
791,Viborg,2009,92823
791,Viborg,2010,93310
791,Viborg,2011,93498
791,Viborg,2012,93819
791,Viborg,2013,94333
791,Viborg,2014,94486
791,Viborg,2015,94985
791,Viborg,2016,95776
791,Viborg,2017,96477
791,Viborg,2018,96883
791,Viborg,2019,97113
791,Viborg,2020,96921
791,Viborg,2021,96679
791,Viborg,2022,96847
791,Viborg,2023,97731
791,Viborg,2024,97472
390,Vordingborg,2008,46600
390,Vordingborg,2009,46551
390,Vordingborg,2010,46319
390,Vordingborg,2011,46170
390,Vordingborg,2012,45804
390,Vordingborg,2013,45465
390,Vordingborg,2014,45295
390,Vordingborg,2015,45471
390,Vordingborg,2016,45806
390,Vordingborg,2017,46037
390,Vordingborg,2018,46087
390,Vordingborg,2019,45816
390,Vordingborg,2020,45566
390,Vordingborg,2021,45268
390,Vordingborg,2022,45352
390,Vordingborg,2023,45441
390,Vordingborg,2024,45751
492,Ærø,2008,6712
492,Ærø,2009,6698
492,Ærø,2010,6679
492,Ærø,2011,6663
492,Ærø,2012,6636
492,Ærø,2013,6527
492,Ærø,2014,6393
492,Ærø,2015,6276
492,Ærø,2016,6290
492,Ærø,2017,6177
492,Ærø,2018,6178
492,Ærø,2019,6058
492,Ærø,2020,5964
492,Ærø,2021,5960
492,Ærø,2022,6025
492,Ærø,2023,6008
492,Ærø,2024,5960
