municipality_code,municipality_name,year,average_income
580,Aabenraa,2008,166290
580,Aabenraa,2009,167106
580,Aabenraa,2010,181280
580,Aabenraa,2011,184117
580,Aabenraa,2012,188090
580,Aabenraa,2013,191465
580,Aabenraa,2014,193579
580,Aabenraa,2015,198437
580,Aabenraa,2016,202029
580,Aabenraa,2017,210096
580,Aabenraa,2018,213650
580,Aabenraa,2019,220387
580,Aabenraa,2020,230031
580,Aabenraa,2021,239958
580,Aabenraa,2022,244263
580,Aabenraa,2023,250127
580,Aabenraa,2024,259641
851,Aalborg,2008,167076
851,Aalborg,2009,171881
851,Aalborg,2010,184804
851,Aalborg,2011,187797
851,Aalborg,2012,191634
851,Aalborg,2013,195384
851,Aalborg,2014,198403
851,Aalborg,2015,203080
851,Aalborg,2016,205924
851,Aalborg,2017,212729
851,Aalborg,2018,218056
851,Aalborg,2019,223448
851,Aalborg,2020,234085
851,Aalborg,2021,244344
851,Aalborg,2022,246872
851,Aalborg,2023,256494
851,Aalborg,2024,266935
751,Aarhus,2008,172568
751,Aarhus,2009,177687
751,Aarhus,2010,192946
751,Aarhus,2011,196346
751,Aarhus,2012,200098
751,Aarhus,2013,207081
751,Aarhus,2014,211446
751,Aarhus,2015,220011
751,Aarhus,2016,221100
751,Aarhus,2017,228901
751,Aarhus,2018,234439
751,Aarhus,2019,239830
751,Aarhus,2020,250297
751,Aarhus,2021,262497
751,Aarhus,2022,261816
751,Aarhus,2023,270915
751,Aarhus,2024,281588
165,Albertslund,2008,169042
165,Albertslund,2009,172800
165,Albertslund,2010,183831
165,Albertslund,2011,182828
165,Albertslund,2012,186626
165,Albertslund,2013,188093
165,Albertslund,2014,192715
165,Albertslund,2015,196771
165,Albertslund,2016,199705
165,Albertslund,2017,202561
165,Albertslund,2018,208399
165,Albertslund,2019,211987
165,Albertslund,2020,221028
165,Albertslund,2021,230832
165,Albertslund,2022,232129
165,Albertslund,2023,241138
165,Albertslund,2024,248808
201,Allerød,2008,222414
201,Allerød,2009,224741
201,Allerød,2010,251802
201,Allerød,2011,261760
201,Allerød,2012,266595
201,Allerød,2013,273294
201,Allerød,2014,280848
201,Allerød,2015,288485
201,Allerød,2016,293063
201,Allerød,2017,300931
201,Allerød,2018,306103
201,Allerød,2019,319855
201,Allerød,2020,327301
201,Allerød,2021,345529
201,Allerød,2022,345657
201,Allerød,2023,352616
201,Allerød,2024,363562
420,Assens,2008,161082
420,Assens,2009,168406
420,Assens,2010,181933
420,Assens,2011,184591
420,Assens,2012,189157
420,Assens,2013,192580
420,Assens,2014,194750
420,Assens,2015,199676
420,Assens,2016,202808
420,Assens,2017,208781
420,Assens,2018,212415
420,Assens,2019,221444
420,Assens,2020,230366
420,Assens,2021,239817
420,Assens,2022,240754
420,Assens,2023,249635
420,Assens,2024,252783
151,Ballerup,2008,182901
151,Ballerup,2009,183351
151,Ballerup,2010,197401
151,Ballerup,2011,202452
151,Ballerup,2012,206484
151,Ballerup,2013,210474
151,Ballerup,2014,219824
151,Ballerup,2015,223323
151,Ballerup,2016,225245
151,Ballerup,2017,230366
151,Ballerup,2018,236121
151,Ballerup,2019,242568
151,Ballerup,2020,252939
151,Ballerup,2021,263285
151,Ballerup,2022,264673
151,Ballerup,2023,277526
151,Ballerup,2024,285035
530,Billund,2008,171198
530,Billund,2009,173384
530,Billund,2010,190905
530,Billund,2011,195230
530,Billund,2012,201798
530,Billund,2013,208051
530,Billund,2014,210271
530,Billund,2015,212304
530,Billund,2016,215983
530,Billund,2017,227700
530,Billund,2018,231771
530,Billund,2019,239139
530,Billund,2020,248416
530,Billund,2021,260894
530,Billund,2022,265340
530,Billund,2023,398267
530,Billund,2024,286776
400,Bornholm,2008,155300
400,Bornholm,2009,160093
400,Bornholm,2010,173759
400,Bornholm,2011,174636
400,Bornholm,2012,179094
400,Bornholm,2013,181589
400,Bornholm,2014,185032
400,Bornholm,2015,189477
400,Bornholm,2016,193344
400,Bornholm,2017,199413
400,Bornholm,2018,202976
400,Bornholm,2019,211258
400,Bornholm,2020,218783
400,Bornholm,2021,226536
400,Bornholm,2022,226145
400,Bornholm,2023,236127
400,Bornholm,2024,242923
153,Brøndby,2008,170314
153,Brøndby,2009,171557
153,Brøndby,2010,182312
153,Brøndby,2011,185604
153,Brøndby,2012,187577
153,Brøndby,2013,190532
153,Brøndby,2014,193785
153,Brøndby,2015,197052
153,Brøndby,2016,201440
153,Brøndby,2017,205179
153,Brøndby,2018,211029
153,Brøndby,2019,215194
153,Brøndby,2020,224578
153,Brøndby,2021,232140
153,Brøndby,2022,233811
153,Brøndby,2023,241989
153,Brøndby,2024,251169
810,Brønderslev,2008,152733
810,Brønderslev,2009,161583
810,Brønderslev,2010,176238
810,Brønderslev,2011,180932
810,Brønderslev,2012,188057
810,Brønderslev,2013,193506
810,Brønderslev,2014,195355
810,Brønderslev,2015,198125
810,Brønderslev,2016,206456
810,Brønderslev,2017,208860
810,Brønderslev,2018,211674
810,Brønderslev,2019,221527
810,Brønderslev,2020,232506
810,Brønderslev,2021,243751
810,Brønderslev,2022,244534
810,Brønderslev,2023,250474
810,Brønderslev,2024,255600
155,Dragør,2008,220100
155,Dragør,2009,217104
155,Dragør,2010,242929
155,Dragør,2011,261933
155,Dragør,2012,264648
155,Dragør,2013,270354
155,Dragør,2014,279821
155,Dragør,2015,289465
155,Dragør,2016,295922
155,Dragør,2017,303980
155,Dragør,2018,311793
155,Dragør,2019,322159
155,Dragør,2020,332103
155,Dragør,2021,350841
155,Dragør,2022,351523
155,Dragør,2023,368217
155,Dragør,2024,375847
240,Egedal,2008,208794
240,Egedal,2009,206649
240,Egedal,2010,228868
240,Egedal,2011,232521
240,Egedal,2012,237053
240,Egedal,2013,244977
240,Egedal,2014,248827
240,Egedal,2015,256199
240,Egedal,2016,258933
240,Egedal,2017,267883
240,Egedal,2018,274867
240,Egedal,2019,277595
240,Egedal,2020,290600
240,Egedal,2021,306979
240,Egedal,2022,299723
240,Egedal,2023,315613
240,Egedal,2024,319596
561,Esbjerg,2008,172014
561,Esbjerg,2009,175733
561,Esbjerg,2010,189600
561,Esbjerg,2011,192786
561,Esbjerg,2012,198130
561,Esbjerg,2013,203075
561,Esbjerg,2014,207362
561,Esbjerg,2015,210319
561,Esbjerg,2016,213261
561,Esbjerg,2017,219429
561,Esbjerg,2018,224598
561,Esbjerg,2019,231628
561,Esbjerg,2020,240432
561,Esbjerg,2021,253340
561,Esbjerg,2022,254323
561,Esbjerg,2023,264152
561,Esbjerg,2024,274660
430,Faaborg-Midtfyn,2008,162912
430,Faaborg-Midtfyn,2009,166716
430,Faaborg-Midtfyn,2010,179305
430,Faaborg-Midtfyn,2011,183691
430,Faaborg-Midtfyn,2012,189006
430,Faaborg-Midtfyn,2013,192790
430,Faaborg-Midtfyn,2014,197313
430,Faaborg-Midtfyn,2015,201163
430,Faaborg-Midtfyn,2016,200301
430,Faaborg-Midtfyn,2017,209324
430,Faaborg-Midtfyn,2018,214986
430,Faaborg-Midtfyn,2019,220675
430,Faaborg-Midtfyn,2020,230727
430,Faaborg-Midtfyn,2021,239416
430,Faaborg-Midtfyn,2022,242942
430,Faaborg-Midtfyn,2023,249583
430,Faaborg-Midtfyn,2024,254250
563,Fanø,2008,189265
563,Fanø,2009,197164
563,Fanø,2010,210107
563,Fanø,2011,215419
563,Fanø,2012,220292
563,Fanø,2013,226293
563,Fanø,2014,230507
563,Fanø,2015,233539
563,Fanø,2016,233960
563,Fanø,2017,240905
563,Fanø,2018,244102
563,Fanø,2019,246571
563,Fanø,2020,259036
563,Fanø,2021,273555
563,Fanø,2022,267294
563,Fanø,2023,272888
563,Fanø,2024,277700
710,Favrskov,2008,179935
710,Favrskov,2009,183567
710,Favrskov,2010,200651
710,Favrskov,2011,204412
710,Favrskov,2012,210245
710,Favrskov,2013,216338
710,Favrskov,2014,220545
710,Favrskov,2015,224587
710,Favrskov,2016,229808
710,Favrskov,2017,237631
710,Favrskov,2018,243703
710,Favrskov,2019,250587
710,Favrskov,2020,263996
710,Favrskov,2021,276036
710,Favrskov,2022,276131
710,Favrskov,2023,283020
710,Favrskov,2024,285147
320,Faxe,2008,173413
320,Faxe,2009,176047
320,Faxe,2010,190429
320,Faxe,2011,191067
320,Faxe,2012,196645
320,Faxe,2013,199628
320,Faxe,2014,203666
320,Faxe,2015,207107
320,Faxe,2016,210599
320,Faxe,2017,215981
320,Faxe,2018,222006
320,Faxe,2019,228041
320,Faxe,2020,240707
320,Faxe,2021,248597
320,Faxe,2022,250949
320,Faxe,2023,258606
320,Faxe,2024,262570
210,Fredensborg,2008,210534
210,Fredensborg,2009,208582
210,Fredensborg,2010,232064
210,Fredensborg,2011,235433
210,Fredensborg,2012,241954
210,Fredensborg,2013,250551
210,Fredensborg,2014,257143
210,Fredensborg,2015,268065
210,Fredensborg,2016,270154
210,Fredensborg,2017,274358
210,Fredensborg,2018,281526
210,Fredensborg,2019,293292
210,Fredensborg,2020,301145
210,Fredensborg,2021,323677
210,Fredensborg,2022,309845
210,Fredensborg,2023,328507
210,Fredensborg,2024,344577
607,Fredericia,2008,173585
607,Fredericia,2009,178272
607,Fredericia,2010,191988
607,Fredericia,2011,191378
607,Fredericia,2012,195292
607,Fredericia,2013,199174
607,Fredericia,2014,203698
607,Fredericia,2015,209082
607,Fredericia,2016,215141
607,Fredericia,2017,217669
607,Fredericia,2018,222200
607,Fredericia,2019,228663
607,Fredericia,2020,238316
607,Fredericia,2021,249906
607,Fredericia,2022,251556
607,Fredericia,2023,260495
607,Fredericia,2024,268774
147,Frederiksberg,2008,194175
147,Frederiksberg,2009,199731
147,Frederiksberg,2010,219475
147,Frederiksberg,2011,224754
147,Frederiksberg,2012,230908
147,Frederiksberg,2013,238371
147,Frederiksberg,2014,245712
147,Frederiksberg,2015,252988
147,Frederiksberg,2016,258624
147,Frederiksberg,2017,267820
147,Frederiksberg,2018,276683
147,Frederiksberg,2019,287059
147,Frederiksberg,2020,301686
147,Frederiksberg,2021,319321
147,Frederiksberg,2022,312449
147,Frederiksberg,2023,329362
147,Frederiksberg,2024,344810
813,Frederikshavn,2008,162845
813,Frederikshavn,2009,168186
813,Frederikshavn,2010,181012
813,Frederikshavn,2011,185770
813,Frederikshavn,2012,193753
813,Frederikshavn,2013,196242
813,Frederikshavn,2014,198040
813,Frederikshavn,2015,201863
813,Frederikshavn,2016,204842
813,Frederikshavn,2017,211190
813,Frederikshavn,2018,214560
813,Frederikshavn,2019,221881
813,Frederikshavn,2020,230845
813,Frederikshavn,2021,239492
813,Frederikshavn,2022,243387
813,Frederikshavn,2023,251119
813,Frederikshavn,2024,258890
250,Frederikssund,2008,187939
250,Frederikssund,2009,188638
250,Frederikssund,2010,202635
250,Frederikssund,2011,206586
250,Frederikssund,2012,211200
250,Frederikssund,2013,217812
250,Frederikssund,2014,222302
250,Frederikssund,2015,227244
250,Frederikssund,2016,231363
250,Frederikssund,2017,235609
250,Frederikssund,2018,242718
250,Frederikssund,2019,247615
250,Frederikssund,2020,259828
250,Frederikssund,2021,269949
250,Frederikssund,2022,272115
250,Frederikssund,2023,280413
250,Frederikssund,2024,284504
190,Furesø,2008,222080
190,Furesø,2009,221771
190,Furesø,2010,248168
190,Furesø,2011,254231
190,Furesø,2012,264457
190,Furesø,2013,273454
190,Furesø,2014,282531
190,Furesø,2015,285128
190,Furesø,2016,293053
190,Furesø,2017,301119
190,Furesø,2018,308833
190,Furesø,2019,320012
190,Furesø,2020,330160
190,Furesø,2021,348065
190,Furesø,2022,343392
190,Furesø,2023,365138
190,Furesø,2024,371605
157,Gentofte,2008,275209
157,Gentofte,2009,274992
157,Gentofte,2010,321327
157,Gentofte,2011,339165
157,Gentofte,2012,351659
157,Gentofte,2013,363825
157,Gentofte,2014,378676
157,Gentofte,2015,425302
157,Gentofte,2016,412157
157,Gentofte,2017,419650
157,Gentofte,2018,427370
157,Gentofte,2019,468130
157,Gentofte,2020,466520
157,Gentofte,2021,529706
157,Gentofte,2022,514283
157,Gentofte,2023,591074
157,Gentofte,2024,570329
159,Gladsaxe,2008,189655
159,Gladsaxe,2009,191061
159,Gladsaxe,2010,207801
159,Gladsaxe,2011,213516
159,Gladsaxe,2012,217354
159,Gladsaxe,2013,224069
159,Gladsaxe,2014,230224
159,Gladsaxe,2015,235249
159,Gladsaxe,2016,238495
159,Gladsaxe,2017,245192
159,Gladsaxe,2018,250679
159,Gladsaxe,2019,259311
159,Gladsaxe,2020,274032
159,Gladsaxe,2021,286086
159,Gladsaxe,2022,285576
159,Gladsaxe,2023,301819
159,Gladsaxe,2024,310421
161,Glostrup,2008,184220
161,Glostrup,2009,187212
161,Glostrup,2010,201063
161,Glostrup,2011,202928
161,Glostrup,2012,205223
161,Glostrup,2013,210408
161,Glostrup,2014,213912
161,Glostrup,2015,219926
161,Glostrup,2016,222384
161,Glostrup,2017,228242
161,Glostrup,2018,232928
161,Glostrup,2019,238682
161,Glostrup,2020,250472
161,Glostrup,2021,261718
161,Glostrup,2022,261201
161,Glostrup,2023,269703
161,Glostrup,2024,280422
253,Greve,2008,204182
253,Greve,2009,198311
253,Greve,2010,216897
253,Greve,2011,222654
253,Greve,2012,227225
253,Greve,2013,233678
253,Greve,2014,238815
253,Greve,2015,242508
253,Greve,2016,247143
253,Greve,2017,253934
253,Greve,2018,259348
253,Greve,2019,264596
253,Greve,2020,277351
253,Greve,2021,287771
253,Greve,2022,286027
253,Greve,2023,299792
253,Greve,2024,306548
270,Gribskov,2008,191709
270,Gribskov,2009,189237
270,Gribskov,2010,208448
270,Gribskov,2011,210245
270,Gribskov,2012,217462
270,Gribskov,2013,220764
270,Gribskov,2014,228428
270,Gribskov,2015,232054
270,Gribskov,2016,235351
270,Gribskov,2017,241084
270,Gribskov,2018,245826
270,Gribskov,2019,251318
270,Gribskov,2020,265910
270,Gribskov,2021,277405
270,Gribskov,2022,276827
270,Gribskov,2023,286016
270,Gribskov,2024,292834
376,Guldborgsund,2008,160043
376,Guldborgsund,2009,164034
376,Guldborgsund,2010,176177
376,Guldborgsund,2011,173408
376,Guldborgsund,2012,180773
376,Guldborgsund,2013,187256
376,Guldborgsund,2014,189448
376,Guldborgsund,2015,193790
376,Guldborgsund,2016,195395
376,Guldborgsund,2017,199571
376,Guldborgsund,2018,203449
376,Guldborgsund,2019,210439
376,Guldborgsund,2020,221829
376,Guldborgsund,2021,233857
376,Guldborgsund,2022,234273
376,Guldborgsund,2023,241655
376,Guldborgsund,2024,246113
510,Haderslev,2008,163614
510,Haderslev,2009,170670
510,Haderslev,2010,181337
510,Haderslev,2011,182598
510,Haderslev,2012,185536
510,Haderslev,2013,190219
510,Haderslev,2014,193583
510,Haderslev,2015,198173
510,Haderslev,2016,200526
510,Haderslev,2017,208067
510,Haderslev,2018,212391
510,Haderslev,2019,219616
510,Haderslev,2020,228974
510,Haderslev,2021,238417
510,Haderslev,2022,240469
510,Haderslev,2023,247184
510,Haderslev,2024,251031
260,Halsnæs,2008,177756
260,Halsnæs,2009,175875
260,Halsnæs,2010,189494
260,Halsnæs,2011,191281
260,Halsnæs,2012,195920
260,Halsnæs,2013,201199
260,Halsnæs,2014,205963
260,Halsnæs,2015,210450
260,Halsnæs,2016,213281
260,Halsnæs,2017,219665
260,Halsnæs,2018,224733
260,Halsnæs,2019,229476
260,Halsnæs,2020,241285
260,Halsnæs,2021,250501
260,Halsnæs,2022,250329
260,Halsnæs,2023,260823
260,Halsnæs,2024,268127
766,Hedensted,2008,175190
766,Hedensted,2009,180127
766,Hedensted,2010,193808
766,Hedensted,2011,194684
766,Hedensted,2012,201335
766,Hedensted,2013,206998
766,Hedensted,2014,211880
766,Hedensted,2015,218083
766,Hedensted,2016,218894
766,Hedensted,2017,225664
766,Hedensted,2018,233866
766,Hedensted,2019,239240
766,Hedensted,2020,251112
766,Hedensted,2021,261284
766,Hedensted,2022,265410
766,Hedensted,2023,269899
766,Hedensted,2024,276539
217,Helsingør,2008,191690
217,Helsingør,2009,190185
217,Helsingør,2010,208852
217,Helsingør,2011,213742
217,Helsingør,2012,219131
217,Helsingør,2013,227974
217,Helsingør,2014,233337
217,Helsingør,2015,239974
217,Helsingør,2016,242869
217,Helsingør,2017,249399
217,Helsingør,2018,254779
217,Helsingør,2019,263192
217,Helsingør,2020,277015
217,Helsingør,2021,292923
217,Helsingør,2022,287701
217,Helsingør,2023,299652
217,Helsingør,2024,310173
163,Herlev,2008,182484
163,Herlev,2009,185132
163,Herlev,2010,199259
163,Herlev,2011,203029
163,Herlev,2012,207286
163,Herlev,2013,213345
163,Herlev,2014,215922
163,Herlev,2015,220790
163,Herlev,2016,225266
163,Herlev,2017,229138
163,Herlev,2018,236643
163,Herlev,2019,242303
163,Herlev,2020,258098
163,Herlev,2021,265046
163,Herlev,2022,264478
163,Herlev,2023,278171
163,Herlev,2024,291266
657,Herning,2008,170883
657,Herning,2009,174893
657,Herning,2010,190683
657,Herning,2011,199171
657,Herning,2012,199123
657,Herning,2013,203505
657,Herning,2014,208360
657,Herning,2015,211934
657,Herning,2016,216136
657,Herning,2017,223994
657,Herning,2018,229212
657,Herning,2019,236376
657,Herning,2020,249340
657,Herning,2021,258963
657,Herning,2022,261519
657,Herning,2023,267283
657,Herning,2024,273181
219,Hillerød,2008,200693
219,Hillerød,2009,199617
219,Hillerød,2010,220042
219,Hillerød,2011,223169
219,Hillerød,2012,229704
219,Hillerød,2013,234938
219,Hillerød,2014,239173
219,Hillerød,2015,251272
219,Hillerød,2016,252019
219,Hillerød,2017,256639
219,Hillerød,2018,262199
219,Hillerød,2019,269847
219,Hillerød,2020,281446
219,Hillerød,2021,294129
219,Hillerød,2022,293383
219,Hillerød,2023,305073
219,Hillerød,2024,320229
860,Hjørring,2008,159361
860,Hjørring,2009,163001
860,Hjørring,2010,176671
860,Hjørring,2011,183635
860,Hjørring,2012,189370
860,Hjørring,2013,194713
860,Hjørring,2014,197607
860,Hjørring,2015,201501
860,Hjørring,2016,204651
860,Hjørring,2017,214621
860,Hjørring,2018,217772
860,Hjørring,2019,223556
860,Hjørring,2020,233897
860,Hjørring,2021,243166
860,Hjørring,2022,243989
860,Hjørring,2023,251445
860,Hjørring,2024,255917
316,Holbæk,2008,174818
316,Holbæk,2009,179417
316,Holbæk,2010,194120
316,Holbæk,2011,195562
316,Holbæk,2012,201290
316,Holbæk,2013,206536
316,Holbæk,2014,210844
316,Holbæk,2015,217027
316,Holbæk,2016,218575
316,Holbæk,2017,224912
316,Holbæk,2018,229668
316,Holbæk,2019,236423
316,Holbæk,2020,248204
316,Holbæk,2021,261166
316,Holbæk,2022,262276
316,Holbæk,2023,271143
316,Holbæk,2024,277859
661,Holstebro,2008,170178
661,Holstebro,2009,173063
661,Holstebro,2010,189285
661,Holstebro,2011,195009
661,Holstebro,2012,201477
661,Holstebro,2013,208410
661,Holstebro,2014,208196
661,Holstebro,2015,212478
661,Holstebro,2016,213089
661,Holstebro,2017,220535
661,Holstebro,2018,224254
661,Holstebro,2019,231857
661,Holstebro,2020,242976
661,Holstebro,2021,258494
661,Holstebro,2022,256921
661,Holstebro,2023,262664
661,Holstebro,2024,269279
615,Horsens,2008,168107
615,Horsens,2009,175684
615,Horsens,2010,188952
615,Horsens,2011,193460
615,Horsens,2012,198571
615,Horsens,2013,204107
615,Horsens,2014,208807
615,Horsens,2015,212286
615,Horsens,2016,216516
615,Horsens,2017,223298
615,Horsens,2018,230081
615,Horsens,2019,237304
615,Horsens,2020,248027
615,Horsens,2021,257774
615,Horsens,2022,258194
615,Horsens,2023,263504
615,Horsens,2024,271024
167,Hvidovre,2008,178735
167,Hvidovre,2009,179674
167,Hvidovre,2010,193402
167,Hvidovre,2011,196751
167,Hvidovre,2012,200751
167,Hvidovre,2013,204689
167,Hvidovre,2014,210133
167,Hvidovre,2015,213854
167,Hvidovre,2016,217747
167,Hvidovre,2017,222678
167,Hvidovre,2018,229211
167,Hvidovre,2019,235914
167,Hvidovre,2020,246531
167,Hvidovre,2021,257560
167,Hvidovre,2022,259773
167,Hvidovre,2023,271403
167,Hvidovre,2024,284383
169,Høje-Taastrup,2008,182681
169,Høje-Taastrup,2009,184364
169,Høje-Taastrup,2010,195732
169,Høje-Taastrup,2011,198826
169,Høje-Taastrup,2012,201616
169,Høje-Taastrup,2013,205502
169,Høje-Taastrup,2014,209435
169,Høje-Taastrup,2015,212484
169,Høje-Taastrup,2016,216200
169,Høje-Taastrup,2017,221711
169,Høje-Taastrup,2018,225609
169,Høje-Taastrup,2019,231927
169,Høje-Taastrup,2020,240922
169,Høje-Taastrup,2021,251027
169,Høje-Taastrup,2022,250298
169,Høje-Taastrup,2023,260416
169,Høje-Taastrup,2024,269751
223,Hørsholm,2008,259812
223,Hørsholm,2009,250958
223,Hørsholm,2010,303967
223,Hørsholm,2011,314966
223,Hørsholm,2012,323727
223,Hørsholm,2013,336218
223,Hørsholm,2014,342182
223,Hørsholm,2015,354864
223,Hørsholm,2016,359424
223,Hørsholm,2017,380412
223,Hørsholm,2018,375418
223,Hørsholm,2019,392275
223,Hørsholm,2020,423072
223,Hørsholm,2021,432190
223,Hørsholm,2022,422786
223,Hørsholm,2023,439441
223,Hørsholm,2024,452520
756,Ikast-Brande,2008,168018
756,Ikast-Brande,2009,169166
756,Ikast-Brande,2010,184078
756,Ikast-Brande,2011,190432
756,Ikast-Brande,2012,193896
756,Ikast-Brande,2013,201456
756,Ikast-Brande,2014,201643
756,Ikast-Brande,2015,207661
756,Ikast-Brande,2016,212149
756,Ikast-Brande,2017,218377
756,Ikast-Brande,2018,221583
756,Ikast-Brande,2019,235166
756,Ikast-Brande,2020,254677
756,Ikast-Brande,2021,249535
756,Ikast-Brande,2022,253249
756,Ikast-Brande,2023,255966
756,Ikast-Brande,2024,265794
183,Ishøj,2008,167694
183,Ishøj,2009,167550
183,Ishøj,2010,179004
183,Ishøj,2011,181875
183,Ishøj,2012,184956
183,Ishøj,2013,187709
183,Ishøj,2014,189764
183,Ishøj,2015,193760
183,Ishøj,2016,196572
183,Ishøj,2017,200961
183,Ishøj,2018,205800
183,Ishøj,2019,210203
183,Ishøj,2020,219899
183,Ishøj,2021,229369
183,Ishøj,2022,231263
183,Ishøj,2023,241416
183,Ishøj,2024,248266
849,Jammerbugt,2008,159344
849,Jammerbugt,2009,165454
849,Jammerbugt,2010,179025
849,Jammerbugt,2011,185213
849,Jammerbugt,2012,190992
849,Jammerbugt,2013,196579
849,Jammerbugt,2014,197244
849,Jammerbugt,2015,200225
849,Jammerbugt,2016,202263
849,Jammerbugt,2017,207677
849,Jammerbugt,2018,213308
849,Jammerbugt,2019,220723
849,Jammerbugt,2020,232587
849,Jammerbugt,2021,245136
849,Jammerbugt,2022,244300
849,Jammerbugt,2023,247982
849,Jammerbugt,2024,254538
326,Kalundborg,2008,164757
326,Kalundborg,2009,173131
326,Kalundborg,2010,187246
326,Kalundborg,2011,189511
326,Kalundborg,2012,194947
326,Kalundborg,2013,200521
326,Kalundborg,2014,204557
326,Kalundborg,2015,211370
326,Kalundborg,2016,213540
326,Kalundborg,2017,217630
326,Kalundborg,2018,222710
326,Kalundborg,2019,229901
326,Kalundborg,2020,238499
326,Kalundborg,2021,250822
326,Kalundborg,2022,255624
326,Kalundborg,2023,267582
326,Kalundborg,2024,272926
440,Kerteminde,2008,167061
440,Kerteminde,2009,173181
440,Kerteminde,2010,186206
440,Kerteminde,2011,190155
440,Kerteminde,2012,191983
440,Kerteminde,2013,197804
440,Kerteminde,2014,204194
440,Kerteminde,2015,208480
440,Kerteminde,2016,212795
440,Kerteminde,2017,216753
440,Kerteminde,2018,222244
440,Kerteminde,2019,229574
440,Kerteminde,2020,238060
440,Kerteminde,2021,255298
440,Kerteminde,2022,253054
440,Kerteminde,2023,263775
440,Kerteminde,2024,267813
621,Kolding,2008,177514
621,Kolding,2009,179153
621,Kolding,2010,195240
621,Kolding,2011,198340
621,Kolding,2012,202911
621,Kolding,2013,206286
621,Kolding,2014,211240
621,Kolding,2015,216806
621,Kolding,2016,220481
621,Kolding,2017,227236
621,Kolding,2018,232918
621,Kolding,2019,239198
621,Kolding,2020,253243
621,Kolding,2021,263615
621,Kolding,2022,262201
621,Kolding,2023,270148
621,Kolding,2024,275204
101,København,2008,167519
101,København,2009,171951
101,København,2010,184281
101,København,2011,189182
101,København,2012,192989
101,København,2013,198131
101,København,2014,204008
101,København,2015,209991
101,København,2016,215215
101,København,2017,220945
101,København,2018,228338
101,København,2019,236730
101,København,2020,247849
101,København,2021,263154
101,København,2022,263314
101,København,2023,278242
101,København,2024,295836
259,Køge,2008,184889
259,Køge,2009,184560
259,Køge,2010,199699
259,Køge,2011,202267
259,Køge,2012,206521
259,Køge,2013,210935
259,Køge,2014,217251
259,Køge,2015,221728
259,Køge,2016,224381
259,Køge,2017,230812
259,Køge,2018,236936
259,Køge,2019,243517
259,Køge,2020,257870
259,Køge,2021,266858
259,Køge,2022,266931
259,Køge,2023,278321
259,Køge,2024,291848
482,Langeland,2008,150802
482,Langeland,2009,152868
482,Langeland,2010,163831
482,Langeland,2011,165598
482,Langeland,2012,171838
482,Langeland,2013,174085
482,Langeland,2014,178437
482,Langeland,2015,179988
482,Langeland,2016,183295
482,Langeland,2017,187483
482,Langeland,2018,189623
482,Langeland,2019,198995
482,Langeland,2020,213219
482,Langeland,2021,216232
482,Langeland,2022,220031
482,Langeland,2023,229432
482,Langeland,2024,229128
350,Lejre,2008,197298
350,Lejre,2009,195820
350,Lejre,2010,216889
350,Lejre,2011,217508
350,Lejre,2012,223167
350,Lejre,2013,230093
350,Lejre,2014,233233
350,Lejre,2015,238443
350,Lejre,2016,243866
350,Lejre,2017,250901
350,Lejre,2018,258246
350,Lejre,2019,263348
350,Lejre,2020,274092
350,Lejre,2021,287111
350,Lejre,2022,286255
350,Lejre,2023,295695
350,Lejre,2024,305283
665,Lemvig,2008,163870
665,Lemvig,2009,164417
665,Lemvig,2010,185476
665,Lemvig,2011,189387
665,Lemvig,2012,190977
665,Lemvig,2013,202704
665,Lemvig,2014,201025
665,Lemvig,2015,208170
665,Lemvig,2016,215996
665,Lemvig,2017,220222
665,Lemvig,2018,217221
665,Lemvig,2019,231047
665,Lemvig,2020,243483
665,Lemvig,2021,255511
665,Lemvig,2022,258216
665,Lemvig,2023,267617
665,Lemvig,2024,273175
360,Lolland,2008,150538
360,Lolland,2009,156163
360,Lolland,2010,166511
360,Lolland,2011,168257
360,Lolland,2012,173006
360,Lolland,2013,178638
360,Lolland,2014,182877
360,Lolland,2015,184575
360,Lolland,2016,185452
360,Lolland,2017,189770
360,Lolland,2018,193056
360,Lolland,2019,199553
360,Lolland,2020,207903
360,Lolland,2021,220048
360,Lolland,2022,222540
360,Lolland,2023,231158
360,Lolland,2024,235450
173,Lyngby-Taarbæk,2008,226855
173,Lyngby-Taarbæk,2009,223304
173,Lyngby-Taarbæk,2010,254713
173,Lyngby-Taarbæk,2011,263333
173,Lyngby-Taarbæk,2012,271433
173,Lyngby-Taarbæk,2013,282845
173,Lyngby-Taarbæk,2014,298540
173,Lyngby-Taarbæk,2015,321890
173,Lyngby-Taarbæk,2016,310197
173,Lyngby-Taarbæk,2017,313568
173,Lyngby-Taarbæk,2018,322546
173,Lyngby-Taarbæk,2019,335602
173,Lyngby-Taarbæk,2020,346600
173,Lyngby-Taarbæk,2021,374550
173,Lyngby-Taarbæk,2022,363399
173,Lyngby-Taarbæk,2023,403789
173,Lyngby-Taarbæk,2024,401048
825,Læsø,2008,151090
825,Læsø,2009,155465
825,Læsø,2010,170443
825,Læsø,2011,176809
825,Læsø,2012,181651
825,Læsø,2013,187126
825,Læsø,2014,185827
825,Læsø,2015,188907
825,Læsø,2016,194996
825,Læsø,2017,201446
825,Læsø,2018,200288
825,Læsø,2019,208152
825,Læsø,2020,215681
825,Læsø,2021,234388
825,Læsø,2022,221846
825,Læsø,2023,236223
825,Læsø,2024,240554
846,Mariagerfjord,2008,163464
846,Mariagerfjord,2009,166503
846,Mariagerfjord,2010,180701
846,Mariagerfjord,2011,184920
846,Mariagerfjord,2012,190422
846,Mariagerfjord,2013,193119
846,Mariagerfjord,2014,197592
846,Mariagerfjord,2015,200465
846,Mariagerfjord,2016,204608
846,Mariagerfjord,2017,210959
846,Mariagerfjord,2018,216354
846,Mariagerfjord,2019,225410
846,Mariagerfjord,2020,236314
846,Mariagerfjord,2021,246192
846,Mariagerfjord,2022,250212
846,Mariagerfjord,2023,255881
846,Mariagerfjord,2024,262216
410,Middelfart,2008,176057
410,Middelfart,2009,181640
410,Middelfart,2010,197527
410,Middelfart,2011,197333
410,Middelfart,2012,204818
410,Middelfart,2013,209102
410,Middelfart,2014,212585
410,Middelfart,2015,221205
410,Middelfart,2016,221910
410,Middelfart,2017,232668
410,Middelfart,2018,235139
410,Middelfart,2019,247633
410,Middelfart,2020,259282
410,Middelfart,2021,268276
410,Middelfart,2022,273442
410,Middelfart,2023,280047
410,Middelfart,2024,285877
773,Morsø,2008,154331
773,Morsø,2009,156798
773,Morsø,2010,166264
773,Morsø,2011,174164
773,Morsø,2012,178822
773,Morsø,2013,184638
773,Morsø,2014,186678
773,Morsø,2015,190725
773,Morsø,2016,192683
773,Morsø,2017,200628
773,Morsø,2018,202190
773,Morsø,2019,214513
773,Morsø,2020,222402
773,Morsø,2021,229968
773,Morsø,2022,238571
773,Morsø,2023,239931
773,Morsø,2024,246623
707,Norddjurs,2008,160051
707,Norddjurs,2009,162946
707,Norddjurs,2010,176149
707,Norddjurs,2011,180328
707,Norddjurs,2012,183718
707,Norddjurs,2013,187709
707,Norddjurs,2014,191447
707,Norddjurs,2015,195317
707,Norddjurs,2016,197067
707,Norddjurs,2017,203237
707,Norddjurs,2018,207855
707,Norddjurs,2019,213598
707,Norddjurs,2020,224933
707,Norddjurs,2021,233140
707,Norddjurs,2022,238502
707,Norddjurs,2023,244016
707,Norddjurs,2024,249494
480,Nordfyns,2008,159335
480,Nordfyns,2009,163963
480,Nordfyns,2010,178366
480,Nordfyns,2011,184924
480,Nordfyns,2012,187996
480,Nordfyns,2013,193530
480,Nordfyns,2014,196073
480,Nordfyns,2015,199840
480,Nordfyns,2016,201672
480,Nordfyns,2017,208757
480,Nordfyns,2018,214266
480,Nordfyns,2019,221156
480,Nordfyns,2020,229635
480,Nordfyns,2021,238072
480,Nordfyns,2022,241186
480,Nordfyns,2023,247290
480,Nordfyns,2024,252071
450,Nyborg,2008,165847
450,Nyborg,2009,171287
450,Nyborg,2010,182827
450,Nyborg,2011,185598
450,Nyborg,2012,189331
450,Nyborg,2013,192813
450,Nyborg,2014,197224
450,Nyborg,2015,200214
450,Nyborg,2016,202796
450,Nyborg,2017,208179
450,Nyborg,2018,215483
450,Nyborg,2019,220372
450,Nyborg,2020,231476
450,Nyborg,2021,240844
450,Nyborg,2022,242172
450,Nyborg,2023,253160
450,Nyborg,2024,256450
370,Næstved,2008,170481
370,Næstved,2009,176156
370,Næstved,2010,189326
370,Næstved,2011,192912
370,Næstved,2012,197967
370,Næstved,2013,202549
370,Næstved,2014,205699
370,Næstved,2015,210156
370,Næstved,2016,213168
370,Næstved,2017,219169
370,Næstved,2018,223879
370,Næstved,2019,231004
370,Næstved,2020,242177
370,Næstved,2021,252832
370,Næstved,2022,252789
370,Næstved,2023,259892
370,Næstved,2024,264921
727,Odder,2008,176608
727,Odder,2009,185073
727,Odder,2010,200585
727,Odder,2011,204311
727,Odder,2012,210477
727,Odder,2013,215912
727,Odder,2014,220531
727,Odder,2015,222963
727,Odder,2016,227984
727,Odder,2017,233238
727,Odder,2018,238007
727,Odder,2019,247163
727,Odder,2020,260507
727,Odder,2021,269323
727,Odder,2022,269001
727,Odder,2023,278060
727,Odder,2024,277813
461,Odense,2008,165768
461,Odense,2009,170798
461,Odense,2010,184436
461,Odense,2011,186960
461,Odense,2012,187409
461,Odense,2013,192896
461,Odense,2014,196374
461,Odense,2015,201180
461,Odense,2016,203000
461,Odense,2017,206649
461,Odense,2018,211967
461,Odense,2019,217495
461,Odense,2020,226727
461,Odense,2021,238124
461,Odense,2022,238218
461,Odense,2023,250388
461,Odense,2024,257928
306,Odsherred,2008,161163
306,Odsherred,2009,165045
306,Odsherred,2010,177967
306,Odsherred,2011,180222
306,Odsherred,2012,185686
306,Odsherred,2013,190481
306,Odsherred,2014,194726
306,Odsherred,2015,198086
306,Odsherred,2016,200701
306,Odsherred,2017,206201
306,Odsherred,2018,210297
306,Odsherred,2019,217089
306,Odsherred,2020,226597
306,Odsherred,2021,237045
306,Odsherred,2022,239052
306,Odsherred,2023,246646
306,Odsherred,2024,250261
730,Randers,2008,166411
730,Randers,2009,170049
730,Randers,2010,182432
730,Randers,2011,185608
730,Randers,2012,189553
730,Randers,2013,193219
730,Randers,2014,196159
730,Randers,2015,201261
730,Randers,2016,204527
730,Randers,2017,209411
730,Randers,2018,216009
730,Randers,2019,222865
730,Randers,2020,233590
730,Randers,2021,241945
730,Randers,2022,245645
730,Randers,2023,251503
730,Randers,2024,256955
840,Rebild,2008,168398
840,Rebild,2009,176004
840,Rebild,2010,189881
840,Rebild,2011,198058
840,Rebild,2012,204486
840,Rebild,2013,211397
840,Rebild,2014,215056
840,Rebild,2015,218859
840,Rebild,2016,223042
840,Rebild,2017,231559
840,Rebild,2018,238925
840,Rebild,2019,247609
840,Rebild,2020,259684
840,Rebild,2021,270439
840,Rebild,2022,276460
840,Rebild,2023,283758
840,Rebild,2024,291879
760,Ringkøbing-Skjern,2008,166940
760,Ringkøbing-Skjern,2009,171904
760,Ringkøbing-Skjern,2010,186306
760,Ringkøbing-Skjern,2011,191423
760,Ringkøbing-Skjern,2012,197294
760,Ringkøbing-Skjern,2013,201816
760,Ringkøbing-Skjern,2014,204248
760,Ringkøbing-Skjern,2015,207635
760,Ringkøbing-Skjern,2016,208666
760,Ringkøbing-Skjern,2017,218399
760,Ringkøbing-Skjern,2018,221198
760,Ringkøbing-Skjern,2019,230206
760,Ringkøbing-Skjern,2020,240974
760,Ringkøbing-Skjern,2021,252677
760,Ringkøbing-Skjern,2022,253252
760,Ringkøbing-Skjern,2023,260479
760,Ringkøbing-Skjern,2024,270125
329,Ringsted,2008,178548
329,Ringsted,2009,180589
329,Ringsted,2010,195884
329,Ringsted,2011,197182
329,Ringsted,2012,202268
329,Ringsted,2013,206886
329,Ringsted,2014,210613
329,Ringsted,2015,214485
329,Ringsted,2016,217832
329,Ringsted,2017,225324
329,Ringsted,2018,229385
329,Ringsted,2019,236332
329,Ringsted,2020,248414
329,Ringsted,2021,260103
329,Ringsted,2022,260260
329,Ringsted,2023,268728
329,Ringsted,2024,275838
265,Roskilde,2008,198139
265,Roskilde,2009,196563
265,Roskilde,2010,214795
265,Roskilde,2011,219158
265,Roskilde,2012,224768
265,Roskilde,2013,229263
265,Roskilde,2014,236919
265,Roskilde,2015,242144
265,Roskilde,2016,246634
265,Roskilde,2017,253903
265,Roskilde,2018,260890
265,Roskilde,2019,270155
265,Roskilde,2020,282633
265,Roskilde,2021,296120
265,Roskilde,2022,294230
265,Roskilde,2023,311527
265,Roskilde,2024,323534
230,Rudersdal,2008,266930
230,Rudersdal,2009,254810
230,Rudersdal,2010,306853
230,Rudersdal,2011,316723
230,Rudersdal,2012,334819
230,Rudersdal,2013,353767
230,Rudersdal,2014,370374
230,Rudersdal,2015,379354
230,Rudersdal,2016,402149
230,Rudersdal,2017,408095
230,Rudersdal,2018,412461
230,Rudersdal,2019,440723
230,Rudersdal,2020,451164
230,Rudersdal,2021,494339
230,Rudersdal,2022,464564
230,Rudersdal,2023,502623
230,Rudersdal,2024,538360
175,Rødovre,2008,180599
175,Rødovre,2009,179581
175,Rødovre,2010,192209
175,Rødovre,2011,196608
175,Rødovre,2012,200326
175,Rødovre,2013,205730
175,Rødovre,2014,210786
175,Rødovre,2015,216505
175,Rødovre,2016,220440
175,Rødovre,2017,226083
175,Rødovre,2018,232107
175,Rødovre,2019,237630
175,Rødovre,2020,250287
175,Rødovre,2021,260667
175,Rødovre,2022,260390
175,Rødovre,2023,272339
175,Rødovre,2024,282144
741,Samsø,2008,156316
741,Samsø,2009,163034
741,Samsø,2010,168943
741,Samsø,2011,178054
741,Samsø,2012,185831
741,Samsø,2013,190135
741,Samsø,2014,191932
741,Samsø,2015,201209
741,Samsø,2016,198449
741,Samsø,2017,206851
741,Samsø,2018,211378
741,Samsø,2019,222406
741,Samsø,2020,235784
741,Samsø,2021,244537
741,Samsø,2022,236998
741,Samsø,2023,247977
741,Samsø,2024,248849
740,Silkeborg,2008,181306
740,Silkeborg,2009,187638
740,Silkeborg,2010,196921
740,Silkeborg,2011,196924
740,Silkeborg,2012,206829
740,Silkeborg,2013,211472
740,Silkeborg,2014,203470
740,Silkeborg,2015,223506
740,Silkeborg,2016,233727
740,Silkeborg,2017,236754
740,Silkeborg,2018,242114
740,Silkeborg,2019,249196
740,Silkeborg,2020,262538
740,Silkeborg,2021,275254
740,Silkeborg,2022,276300
740,Silkeborg,2023,284074
740,Silkeborg,2024,289539
746,Skanderborg,2008,189378
746,Skanderborg,2009,194101
746,Skanderborg,2010,212090
746,Skanderborg,2011,217897
746,Skanderborg,2012,224700
746,Skanderborg,2013,229900
746,Skanderborg,2014,236632
746,Skanderborg,2015,241806
746,Skanderborg,2016,246624
746,Skanderborg,2017,252543
746,Skanderborg,2018,259984
746,Skanderborg,2019,269063
746,Skanderborg,2020,284533
746,Skanderborg,2021,295901
746,Skanderborg,2022,294467
746,Skanderborg,2023,302544
746,Skanderborg,2024,307806
779,Skive,2008,161995
779,Skive,2009,167319
779,Skive,2010,178510
779,Skive,2011,183229
779,Skive,2012,188348
779,Skive,2013,192153
779,Skive,2014,194850
779,Skive,2015,200114
779,Skive,2016,203607
779,Skive,2017,210900
779,Skive,2018,215303
779,Skive,2019,223044
779,Skive,2020,237359
779,Skive,2021,243907
779,Skive,2022,247931
779,Skive,2023,252070
779,Skive,2024,258877
330,Slagelse,2008,166615
330,Slagelse,2009,172499
330,Slagelse,2010,183665
330,Slagelse,2011,186917
330,Slagelse,2012,190849
330,Slagelse,2013,195571
330,Slagelse,2014,198836
330,Slagelse,2015,202831
330,Slagelse,2016,206681
330,Slagelse,2017,212000
330,Slagelse,2018,216819
330,Slagelse,2019,222269
330,Slagelse,2020,231013
330,Slagelse,2021,243578
330,Slagelse,2022,246729
330,Slagelse,2023,250311
330,Slagelse,2024,257137
269,Solrød,2008,210799
269,Solrød,2009,201043
269,Solrød,2010,223635
269,Solrød,2011,234748
269,Solrød,2012,241207
269,Solrød,2013,244752
269,Solrød,2014,256135
269,Solrød,2015,263333
269,Solrød,2016,271247
269,Solrød,2017,275979
269,Solrød,2018,282070
269,Solrød,2019,298425
269,Solrød,2020,308024
269,Solrød,2021,320668
269,Solrød,2022,314464
269,Solrød,2023,332367
269,Solrød,2024,336771
340,Sorø,2008,169675
340,Sorø,2009,179265
340,Sorø,2010,191053
340,Sorø,2011,195094
340,Sorø,2012,200024
340,Sorø,2013,207072
340,Sorø,2014,211127
340,Sorø,2015,216561
340,Sorø,2016,218836
340,Sorø,2017,225614
340,Sorø,2018,229600
340,Sorø,2019,238794
340,Sorø,2020,246097
340,Sorø,2021,259171
340,Sorø,2022,259589
340,Sorø,2023,268808
340,Sorø,2024,276440
336,Stevns,2008,182697
336,Stevns,2009,179812
336,Stevns,2010,194772
336,Stevns,2011,198010
336,Stevns,2012,201501
336,Stevns,2013,207739
336,Stevns,2014,213864
336,Stevns,2015,217194
336,Stevns,2016,220622
336,Stevns,2017,226624
336,Stevns,2018,233946
336,Stevns,2019,242225
336,Stevns,2020,249168
336,Stevns,2021,260019
336,Stevns,2022,262909
336,Stevns,2023,268714
336,Stevns,2024,277295
671,Struer,2008,170125
671,Struer,2009,171382
671,Struer,2010,183709
671,Struer,2011,188350
671,Struer,2012,193412
671,Struer,2013,196670
671,Struer,2014,196535
671,Struer,2015,200626
671,Struer,2016,202272
671,Struer,2017,208726
671,Struer,2018,213174
671,Struer,2019,220565
671,Struer,2020,229130
671,Struer,2021,240957
671,Struer,2022,244086
671,Struer,2023,248497
671,Struer,2024,254689
479,Svendborg,2008,170871
479,Svendborg,2009,174462
479,Svendborg,2010,186850
479,Svendborg,2011,189217
479,Svendborg,2012,194073
479,Svendborg,2013,198528
479,Svendborg,2014,203220
479,Svendborg,2015,207099
479,Svendborg,2016,210309
479,Svendborg,2017,214742
479,Svendborg,2018,218492
479,Svendborg,2019,228998
479,Svendborg,2020,240200
479,Svendborg,2021,252283
479,Svendborg,2022,252790
479,Svendborg,2023,260178
479,Svendborg,2024,263984
706,Syddjurs,2008,175894
706,Syddjurs,2009,177203
706,Syddjurs,2010,190967
706,Syddjurs,2011,195670
706,Syddjurs,2012,203242
706,Syddjurs,2013,212674
706,Syddjurs,2014,209916
706,Syddjurs,2015,216081
706,Syddjurs,2016,221772
706,Syddjurs,2017,227428
706,Syddjurs,2018,230006
706,Syddjurs,2019,240208
706,Syddjurs,2020,251576
706,Syddjurs,2021,269095
706,Syddjurs,2022,259512
706,Syddjurs,2023,266461
706,Syddjurs,2024,271971
540,Sønderborg,2008,165768
540,Sønderborg,2009,156977
540,Sønderborg,2010,182900
540,Sønderborg,2011,184455
540,Sønderborg,2012,190804
540,Sønderborg,2013,192395
540,Sønderborg,2014,197407
540,Sønderborg,2015,199900
540,Sønderborg,2016,203449
540,Sønderborg,2017,210483
540,Sønderborg,2018,215616
540,Sønderborg,2019,222671
540,Sønderborg,2020,231509
540,Sønderborg,2021,242203
540,Sønderborg,2022,242729
540,Sønderborg,2023,249699
540,Sønderborg,2024,255717
787,Thisted,2008,160951
787,Thisted,2009,162535
787,Thisted,2010,175719
787,Thisted,2011,181162
787,Thisted,2012,185067
787,Thisted,2013,191877
787,Thisted,2014,192974
787,Thisted,2015,199175
787,Thisted,2016,203311
787,Thisted,2017,209281
787,Thisted,2018,213065
787,Thisted,2019,222903
787,Thisted,2020,232629
787,Thisted,2021,241755
787,Thisted,2022,244710
787,Thisted,2023,245630
787,Thisted,2024,252934
185,Tårnby,2008,186265
185,Tårnby,2009,189340
185,Tårnby,2010,203459
185,Tårnby,2011,209500
185,Tårnby,2012,212669
185,Tårnby,2013,217423
185,Tårnby,2014,222582
185,Tårnby,2015,227877
185,Tårnby,2016,232591
185,Tårnby,2017,239104
185,Tårnby,2018,245993
185,Tårnby,2019,252323
185,Tårnby,2020,265421
185,Tårnby,2021,275721
185,Tårnby,2022,277090
185,Tårnby,2023,290450
185,Tårnby,2024,299878
550,Tønder,2008,154378
550,Tønder,2009,157264
550,Tønder,2010,169980
550,Tønder,2011,173996
550,Tønder,2012,175742
550,Tønder,2013,182838
550,Tønder,2014,184557
550,Tønder,2015,189550
550,Tønder,2016,192157
550,Tønder,2017,203148
550,Tønder,2018,204836
550,Tønder,2019,216267
550,Tønder,2020,223509
550,Tønder,2021,232876
550,Tønder,2022,243037
550,Tønder,2023,243142
550,Tønder,2024,249158
187,Vallensbæk,2008,203463
187,Vallensbæk,2009,204412
187,Vallensbæk,2010,222513
187,Vallensbæk,2011,225587
187,Vallensbæk,2012,230163
187,Vallensbæk,2013,235874
187,Vallensbæk,2014,244275
187,Vallensbæk,2015,246651
187,Vallensbæk,2016,246964
187,Vallensbæk,2017,250019
187,Vallensbæk,2018,255657
187,Vallensbæk,2019,261347
187,Vallensbæk,2020,275714
187,Vallensbæk,2021,286490
187,Vallensbæk,2022,282400
187,Vallensbæk,2023,291164
187,Vallensbæk,2024,298557
573,Varde,2008,165340
573,Varde,2009,168515
573,Varde,2010,181714
573,Varde,2011,188050
573,Varde,2012,194046
573,Varde,2013,203952
573,Varde,2014,201421
573,Varde,2015,205141
573,Varde,2016,207071
573,Varde,2017,215888
573,Varde,2018,218754
573,Varde,2019,227717
573,Varde,2020,238710
573,Varde,2021,250363
573,Varde,2022,254229
573,Varde,2023,259817
573,Varde,2024,268401
575,Vejen,2008,161476
575,Vejen,2009,164464
575,Vejen,2010,180183
575,Vejen,2011,181892
575,Vejen,2012,190281
575,Vejen,2013,197106
575,Vejen,2014,197406
575,Vejen,2015,203630
575,Vejen,2016,203869
575,Vejen,2017,214071
575,Vejen,2018,218332
575,Vejen,2019,225825
575,Vejen,2020,237078
575,Vejen,2021,249003
575,Vejen,2022,252968
575,Vejen,2023,366280
575,Vejen,2024,361047
630,Vejle,2008,179578
630,Vejle,2009,183456
630,Vejle,2010,200481
630,Vejle,2011,201780
630,Vejle,2012,207287
630,Vejle,2013,211774
630,Vejle,2014,215397
630,Vejle,2015,223679
630,Vejle,2016,227036
630,Vejle,2017,234900
630,Vejle,2018,239626
630,Vejle,2019,248846
630,Vejle,2020,260325
630,Vejle,2021,274271
630,Vejle,2022,272949
630,Vejle,2023,282591
630,Vejle,2024,291272
820,Vesthimmerlands,2008,156280
820,Vesthimmerlands,2009,159386
820,Vesthimmerlands,2010,170310
820,Vesthimmerlands,2011,177831
820,Vesthimmerlands,2012,182149
820,Vesthimmerlands,2013,187954
820,Vesthimmerlands,2014,189997
820,Vesthimmerlands,2015,192756
820,Vesthimmerlands,2016,196166
820,Vesthimmerlands,2017,204308
820,Vesthimmerlands,2018,208305
820,Vesthimmerlands,2019,218261
820,Vesthimmerlands,2020,226087
820,Vesthimmerlands,2021,244219
820,Vesthimmerlands,2022,245893
820,Vesthimmerlands,2023,248423
820,Vesthimmerlands,2024,253230
791,Viborg,2008,170433
791,Viborg,2009,176363
791,Viborg,2010,191517
791,Viborg,2011,194133
791,Viborg,2012,198487
791,Viborg,2013,205636
791,Viborg,2014,207269
791,Viborg,2015,212065
791,Viborg,2016,215204
791,Viborg,2017,223831
791,Viborg,2018,229556
791,Viborg,2019,235942
791,Viborg,2020,246933
791,Viborg,2021,257520
791,Viborg,2022,259427
791,Viborg,2023,261294
791,Viborg,2024,268000
390,Vordingborg,2008,161111
390,Vordingborg,2009,165494
390,Vordingborg,2010,179911
390,Vordingborg,2011,181859
390,Vordingborg,2012,186480
390,Vordingborg,2013,192716
390,Vordingborg,2014,196182
390,Vordingborg,2015,200998
390,Vordingborg,2016,201462
390,Vordingborg,2017,206726
390,Vordingborg,2018,212004
390,Vordingborg,2019,217702
390,Vordingborg,2020,230034
390,Vordingborg,2021,239825
390,Vordingborg,2022,246466
390,Vordingborg,2023,247641
390,Vordingborg,2024,253932
492,Ærø,2008,162933
492,Ærø,2009,164857
492,Ærø,2010,174682
492,Ærø,2011,174333
492,Ærø,2012,179633
492,Ærø,2013,180695
492,Ærø,2014,188210
492,Ærø,2015,188887
492,Ærø,2016,195335
492,Ærø,2017,197576
492,Ærø,2018,201430
492,Ærø,2019,207163
492,Ærø,2020,216258
492,Ærø,2021,224587
492,Ærø,2022,223526
492,Ærø,2023,229051
492,Ærø,2024,235120
