municipality_code,municipality_name,year,population,average_income
580,Aabenraa,2008,60189,166290.0
580,Aabenraa,2009,60392,167106.0
580,Aabenraa,2010,59978,181280.0
580,Aabenraa,2011,59795,184117.0
580,Aabenraa,2012,59600,188090.0
580,Aabenraa,2013,59208,191465.0
580,Aabenraa,2014,58970,193579.0
580,Aabenraa,2015,58904,198437.0
580,Aabenraa,2016,58869,202029.0
580,Aabenraa,2017,59003,210096.0
580,Aabenraa,2018,59089,213650.0
580,Aabenraa,2019,59035,220387.0
580,Aabenraa,2020,58761,230031.0
580,Aabenraa,2021,58526,239958.0
580,Aabenraa,2022,58693,244263.0
580,Aabenraa,2023,59002,250127.0
580,Aabenraa,2024,58657,259641.0
851,Aalborg,2008,195145,167076.0
851,Aalborg,2009,196292,171881.0
851,Aalborg,2010,197426,184804.0
851,Aalborg,2011,199188,187797.0
851,Aalborg,2012,201142,191634.0
851,Aalborg,2013,203448,195384.0
851,Aalborg,2014,205809,198403.0
851,Aalborg,2015,207805,203080.0
851,Aalborg,2016,210316,205924.0
851,Aalborg,2017,211937,212729.0
851,Aalborg,2018,213558,218056.0
851,Aalborg,2019,215312,223448.0
851,Aalborg,2020,217075,234085.0
851,Aalborg,2021,219487,244344.0
851,Aalborg,2022,221082,246872.0
851,Aalborg,2023,222571,256494.0
851,Aalborg,2024,223174,266935.0
751,Aarhus,2008,298538,172568.0
751,Aarhus,2009,302618,177687.0
751,Aarhus,2010,306650,192946.0
751,Aarhus,2011,310956,196346.0
751,Aarhus,2012,314545,200098.0
751,Aarhus,2013,319094,207081.0
751,Aarhus,2014,323893,211446.0
751,Aarhus,2015,326246,220011.0
751,Aarhus,2016,330639,221100.0
751,Aarhus,2017,335684,228901.0
751,Aarhus,2018,340421,234439.0
751,Aarhus,2019,345332,239830.0
751,Aarhus,2020,349983,250297.0
751,Aarhus,2021,352751,262497.0
751,Aarhus,2022,355238,261816.0
751,Aarhus,2023,361544,270915.0
751,Aarhus,2024,367095,281588.0
165,Albertslund,2008,27602,169042.0
165,Albertslund,2009,27706,172800.0
165,Albertslund,2010,27730,183831.0
165,Albertslund,2011,27800,182828.0
165,Albertslund,2012,27864,186626.0
165,Albertslund,2013,27824,188093.0
165,Albertslund,2014,27728,192715.0
165,Albertslund,2015,27806,196771.0
165,Albertslund,2016,27880,199705.0
165,Albertslund,2017,27896,202561.0
165,Albertslund,2018,27743,208399.0
165,Albertslund,2019,27877,211987.0
165,Albertslund,2020,27731,221028.0
165,Albertslund,2021,27366,230832.0
165,Albertslund,2022,27599,232129.0
165,Albertslund,2023,27530,241138.0
165,Albertslund,2024,27677,248808.0
201,Allerød,2008,23493,222414.0
201,Allerød,2009,23821,224741.0
201,Allerød,2010,24089,251802.0
201,Allerød,2011,24096,261760.0
201,Allerød,2012,24043,266595.0
201,Allerød,2013,24073,273294.0
201,Allerød,2014,24175,280848.0
201,Allerød,2015,24411,288485.0
201,Allerød,2016,24732,293063.0
201,Allerød,2017,24942,300931.0
201,Allerød,2018,25235,306103.0
201,Allerød,2019,25646,319855.0
201,Allerød,2020,25633,327301.0
201,Allerød,2021,25893,345529.0
201,Allerød,2022,25867,345657.0
201,Allerød,2023,26061,352616.0
201,Allerød,2024,25962,363562.0
420,Assens,2008,42054,161082.0
420,Assens,2009,42128,168406.0
420,Assens,2010,42054,181933.0
420,Assens,2011,41635,184591.0
420,Assens,2012,41443,189157.0
420,Assens,2013,41325,192580.0
420,Assens,2014,41037,194750.0
420,Assens,2015,41046,199676.0
420,Assens,2016,41224,202808.0
420,Assens,2017,41390,208781.0
420,Assens,2018,41328,212415.0
420,Assens,2019,41212,221444.0
420,Assens,2020,40965,230366.0
420,Assens,2021,40867,239817.0
420,Assens,2022,40972,240754.0
420,Assens,2023,40944,249635.0
420,Assens,2024,40646,252783.0
151,Ballerup,2008,47116,182901.0
151,Ballerup,2009,47398,183351.0
151,Ballerup,2010,47652,197401.0
151,Ballerup,2011,47930,202452.0
151,Ballerup,2012,47994,206484.0
151,Ballerup,2013,48211,210474.0
151,Ballerup,2014,48514,219824.0
151,Ballerup,2015,48355,223323.0
151,Ballerup,2016,48224,225245.0
151,Ballerup,2017,48231,230366.0
151,Ballerup,2018,48295,236121.0
151,Ballerup,2019,48458,242568.0
151,Ballerup,2020,48602,252939.0
151,Ballerup,2021,49310,263285.0
151,Ballerup,2022,49274,264673.0
151,Ballerup,2023,50039,277526.0
151,Ballerup,2024,51237,285035.0
530,Billund,2008,26181,171198.0
530,Billund,2009,26235,173384.0
530,Billund,2010,26160,190905.0
530,Billund,2011,26155,195230.0
530,Billund,2012,26220,201798.0
530,Billund,2013,26357,208051.0
530,Billund,2014,26318,210271.0
530,Billund,2015,26285,212304.0
530,Billund,2016,26434,215983.0
530,Billund,2017,26481,227700.0
530,Billund,2018,26482,231771.0
530,Billund,2019,26629,239139.0
530,Billund,2020,26608,248416.0
530,Billund,2021,26551,260894.0
530,Billund,2022,26631,265340.0
530,Billund,2023,27021,398267.0
530,Billund,2024,27119,286776.0
400,Bornholm,2008,42817,155300.0
400,Bornholm,2009,42563,160093.0
400,Bornholm,2010,42154,173759.0
400,Bornholm,2011,41802,174636.0
400,Bornholm,2012,41303,179094.0
400,Bornholm,2013,40715,181589.0
400,Bornholm,2014,40215,185032.0
400,Bornholm,2015,39828,189477.0
400,Bornholm,2016,39756,193344.0
400,Bornholm,2017,39695,199413.0
400,Bornholm,2018,39632,202976.0
400,Bornholm,2019,39572,211258.0
400,Bornholm,2020,39499,218783.0
400,Bornholm,2021,39570,226536.0
400,Bornholm,2022,39545,226145.0
400,Bornholm,2023,39602,236127.0
400,Bornholm,2024,39332,242923.0
153,Brøndby,2008,33831,170314.0
153,Brøndby,2009,33762,171557.0
153,Brøndby,2010,33795,182312.0
153,Brøndby,2011,34021,185604.0
153,Brøndby,2012,34084,187577.0
153,Brøndby,2013,34210,190532.0
153,Brøndby,2014,34580,193785.0
153,Brøndby,2015,35050,197052.0
153,Brøndby,2016,35322,201440.0
153,Brøndby,2017,35594,205179.0
153,Brøndby,2018,35538,211029.0
153,Brøndby,2019,35397,215194.0
153,Brøndby,2020,35090,224578.0
153,Brøndby,2021,35232,232140.0
153,Brøndby,2022,35651,233811.0
153,Brøndby,2023,37128,241989.0
153,Brøndby,2024,39067,251169.0
810,Brønderslev,2008,35525,152733.0
810,Brønderslev,2009,35762,161583.0
810,Brønderslev,2010,35804,176238.0
810,Brønderslev,2011,35789,180932.0
810,Brønderslev,2012,35754,188057.0
810,Brønderslev,2013,35600,193506.0
810,Brønderslev,2014,35627,195355.0
810,Brønderslev,2015,35781,198125.0
810,Brønderslev,2016,36047,206456.0
810,Brønderslev,2017,36128,208860.0
810,Brønderslev,2018,36289,211674.0
810,Brønderslev,2019,36370,221527.0
810,Brønderslev,2020,36304,232506.0
810,Brønderslev,2021,36177,243751.0
810,Brønderslev,2022,36194,244534.0
810,Brønderslev,2023,36540,250474.0
810,Brønderslev,2024,36614,255600.0
411,Christiansø,2008,96,
411,Christiansø,2009,96,
411,Christiansø,2010,101,
411,Christiansø,2011,94,
411,Christiansø,2012,103,
411,Christiansø,2013,92,
411,Christiansø,2014,90,
411,Christiansø,2015,91,
411,Christiansø,2016,91,
411,Christiansø,2017,78,
411,Christiansø,2018,83,
411,Christiansø,2019,90,
411,Christiansø,2020,84,
411,Christiansø,2021,90,
411,Christiansø,2022,93,
411,Christiansø,2023,93,
411,Christiansø,2024,91,
155,Dragør,2008,13261,220100.0
155,Dragør,2009,13411,217104.0
155,Dragør,2010,13564,242929.0
155,Dragør,2011,13717,261933.0
155,Dragør,2012,13692,264648.0
155,Dragør,2013,13917,270354.0
155,Dragør,2014,13977,279821.0
155,Dragør,2015,14028,289465.0
155,Dragør,2016,14142,295922.0
155,Dragør,2017,14288,303980.0
155,Dragør,2018,14272,311793.0
155,Dragør,2019,14270,322159.0
155,Dragør,2020,14494,332103.0
155,Dragør,2021,14569,350841.0
155,Dragør,2022,14640,351523.0
155,Dragør,2023,14609,368217.0
155,Dragør,2024,14569,375847.0
240,Egedal,2008,40533,208794.0
240,Egedal,2009,41031,206649.0
240,Egedal,2010,41513,228868.0
240,Egedal,2011,41614,232521.0
240,Egedal,2012,41821,237053.0
240,Egedal,2013,42018,244977.0
240,Egedal,2014,42210,248827.0
240,Egedal,2015,42573,256199.0
240,Egedal,2016,42773,258933.0
240,Egedal,2017,43082,267883.0
240,Egedal,2018,43000,274867.0
240,Egedal,2019,43335,277595.0
240,Egedal,2020,43354,290600.0
240,Egedal,2021,43696,306979.0
240,Egedal,2022,44375,299723.0
240,Egedal,2023,45202,315613.0
240,Egedal,2024,45532,319596.0
561,Esbjerg,2008,114244,172014.0
561,Esbjerg,2009,114595,175733.0
561,Esbjerg,2010,115114,189600.0
561,Esbjerg,2011,115184,192786.0
561,Esbjerg,2012,115112,198130.0
561,Esbjerg,2013,115051,203075.0
561,Esbjerg,2014,115095,207362.0
561,Esbjerg,2015,115446,210319.0
561,Esbjerg,2016,115748,213261.0
561,Esbjerg,2017,115905,219429.0
561,Esbjerg,2018,116032,224598.0
561,Esbjerg,2019,115652,231628.0
561,Esbjerg,2020,115483,240432.0
561,Esbjerg,2021,115579,253340.0
561,Esbjerg,2022,115459,254323.0
561,Esbjerg,2023,115758,264152.0
561,Esbjerg,2024,115423,274660.0
430,Faaborg-Midtfyn,2008,51950,162912.0
430,Faaborg-Midtfyn,2009,52108,166716.0
430,Faaborg-Midtfyn,2010,52085,179305.0
430,Faaborg-Midtfyn,2011,51926,183691.0
430,Faaborg-Midtfyn,2012,51635,189006.0
430,Faaborg-Midtfyn,2013,51409,192790.0
430,Faaborg-Midtfyn,2014,51078,197313.0
430,Faaborg-Midtfyn,2015,50953,201163.0
430,Faaborg-Midtfyn,2016,51236,200301.0
430,Faaborg-Midtfyn,2017,51376,209324.0
430,Faaborg-Midtfyn,2018,51536,214986.0
430,Faaborg-Midtfyn,2019,51809,220675.0
430,Faaborg-Midtfyn,2020,51556,230727.0
430,Faaborg-Midtfyn,2021,51683,239416.0
430,Faaborg-Midtfyn,2022,51849,242942.0
430,Faaborg-Midtfyn,2023,52253,249583.0
430,Faaborg-Midtfyn,2024,52291,254250.0
563,Fanø,2008,3192,189265.0
563,Fanø,2009,3207,197164.0
563,Fanø,2010,3219,210107.0
563,Fanø,2011,3213,215419.0
563,Fanø,2012,3251,220292.0
563,Fanø,2013,3237,226293.0
563,Fanø,2014,3264,230507.0
563,Fanø,2015,3263,233539.0
563,Fanø,2016,3290,233960.0
563,Fanø,2017,3345,240905.0
563,Fanø,2018,3401,244102.0
563,Fanø,2019,3404,246571.0
563,Fanø,2020,3488,259036.0
563,Fanø,2021,3456,273555.0
563,Fanø,2022,3427,267294.0
563,Fanø,2023,3426,272888.0
563,Fanø,2024,3357,277700.0
710,Favrskov,2008,45604,179935.0
710,Favrskov,2009,46248,183567.0
710,Favrskov,2010,46529,200651.0
710,Favrskov,2011,46894,204412.0
710,Favrskov,2012,47117,210245.0
710,Favrskov,2013,47156,216338.0
710,Favrskov,2014,47163,220545.0
710,Favrskov,2015,47523,224587.0
710,Favrskov,2016,47655,229808.0
710,Favrskov,2017,47915,237631.0
710,Favrskov,2018,48271,243703.0
710,Favrskov,2019,48374,250587.0
710,Favrskov,2020,48397,263996.0
710,Favrskov,2021,48381,276036.0
710,Favrskov,2022,48880,276131.0
710,Favrskov,2023,49408,283020.0
710,Favrskov,2024,49377,285147.0
320,Faxe,2008,35418,173413.0
320,Faxe,2009,35441,176047.0
320,Faxe,2010,35306,190429.0
320,Faxe,2011,35277,191067.0
320,Faxe,2012,35110,196645.0
320,Faxe,2013,35123,199628.0
320,Faxe,2014,35119,203666.0
320,Faxe,2015,35195,207107.0
320,Faxe,2016,35614,210599.0
320,Faxe,2017,35916,215981.0
320,Faxe,2018,36139,222006.0
320,Faxe,2019,36513,228041.0
320,Faxe,2020,36576,240707.0
320,Faxe,2021,36713,248597.0
320,Faxe,2022,37161,250949.0
320,Faxe,2023,37344,258606.0
320,Faxe,2024,37753,262570.0
210,Fredensborg,2008,39240,210534.0
210,Fredensborg,2009,39254,208582.0
210,Fredensborg,2010,39226,232064.0
210,Fredensborg,2011,39341,235433.0
210,Fredensborg,2012,39565,241954.0
210,Fredensborg,2013,39462,250551.0
210,Fredensborg,2014,39585,257143.0
210,Fredensborg,2015,39772,268065.0
210,Fredensborg,2016,40112,270154.0
210,Fredensborg,2017,40504,274358.0
210,Fredensborg,2018,40779,281526.0
210,Fredensborg,2019,40819,293292.0
210,Fredensborg,2020,40865,301145.0
210,Fredensborg,2021,40998,323677.0
210,Fredensborg,2022,41211,309845.0
210,Fredensborg,2023,41689,328507.0
210,Fredensborg,2024,42009,344577.0
607,Fredericia,2008,49463,173585.0
607,Fredericia,2009,49690,178272.0
607,Fredericia,2010,49849,191988.0
607,Fredericia,2011,50104,191378.0
607,Fredericia,2012,50193,195292.0
607,Fredericia,2013,50374,199174.0
607,Fredericia,2014,50324,203698.0
607,Fredericia,2015,50429,209082.0
607,Fredericia,2016,50689,215141.0
607,Fredericia,2017,50868,217669.0
607,Fredericia,2018,51326,222200.0
607,Fredericia,2019,51427,228663.0
607,Fredericia,2020,51377,238316.0
607,Fredericia,2021,51275,249906.0
607,Fredericia,2022,51606,251556.0
607,Fredericia,2023,52173,260495.0
607,Fredericia,2024,52485,268774.0
147,Frederiksberg,2008,93444,194175.0
147,Frederiksberg,2009,95029,199731.0
147,Frederiksberg,2010,96718,219475.0
147,Frederiksberg,2011,98782,224754.0
147,Frederiksberg,2012,100215,230908.0
147,Frederiksberg,2013,102029,238371.0
147,Frederiksberg,2014,102717,245712.0
147,Frederiksberg,2015,103192,252988.0
147,Frederiksberg,2016,104481,258624.0
147,Frederiksberg,2017,105037,267820.0
147,Frederiksberg,2018,104410,276683.0
147,Frederiksberg,2019,103960,287059.0
147,Frederiksberg,2020,104305,301686.0
147,Frederiksberg,2021,103677,319321.0
147,Frederiksberg,2022,103608,312449.0
147,Frederiksberg,2023,104664,329362.0
147,Frederiksberg,2024,104899,344810.0
813,Frederikshavn,2008,62751,162845.0
813,Frederikshavn,2009,62525,168186.0
813,Frederikshavn,2010,62007,181012.0
813,Frederikshavn,2011,61576,185770.0
813,Frederikshavn,2012,61158,193753.0
813,Frederikshavn,2013,60775,196242.0
813,Frederikshavn,2014,60458,198040.0
813,Frederikshavn,2015,60377,201863.0
813,Frederikshavn,2016,60246,204842.0
813,Frederikshavn,2017,60356,211190.0
813,Frederikshavn,2018,60140,214560.0
813,Frederikshavn,2019,59987,221881.0
813,Frederikshavn,2020,59654,230845.0
813,Frederikshavn,2021,59039,239492.0
813,Frederikshavn,2022,58878,243387.0
813,Frederikshavn,2023,58864,251119.0
813,Frederikshavn,2024,58376,258890.0
250,Frederikssund,2008,44102,187939.0
250,Frederikssund,2009,44246,188638.0
250,Frederikssund,2010,44182,202635.0
250,Frederikssund,2011,44307,206586.0
250,Frederikssund,2012,44345,211200.0
250,Frederikssund,2013,44365,217812.0
250,Frederikssund,2014,44401,222302.0
250,Frederikssund,2015,44413,227244.0
250,Frederikssund,2016,44725,231363.0
250,Frederikssund,2017,45036,235609.0
250,Frederikssund,2018,45189,242718.0
250,Frederikssund,2019,45332,247615.0
250,Frederikssund,2020,45223,259828.0
250,Frederikssund,2021,45439,269949.0
250,Frederikssund,2022,45800,272115.0
250,Frederikssund,2023,46117,280413.0
250,Frederikssund,2024,46358,284504.0
190,Furesø,2008,37667,222080.0
190,Furesø,2009,37864,221771.0
190,Furesø,2010,38232,248168.0
190,Furesø,2011,38286,254231.0
190,Furesø,2012,38243,264457.0
190,Furesø,2013,38236,273454.0
190,Furesø,2014,38492,282531.0
190,Furesø,2015,39077,285128.0
190,Furesø,2016,40156,293053.0
190,Furesø,2017,40613,301119.0
190,Furesø,2018,40911,308833.0
190,Furesø,2019,41069,320012.0
190,Furesø,2020,40965,330160.0
190,Furesø,2021,41001,348065.0
190,Furesø,2022,41402,343392.0
190,Furesø,2023,42077,365138.0
190,Furesø,2024,42533,371605.0
157,Gentofte,2008,68913,275209.0
157,Gentofte,2009,69794,274992.0
157,Gentofte,2010,71052,321327.0
157,Gentofte,2011,71714,339165.0
157,Gentofte,2012,72814,351659.0
157,Gentofte,2013,73360,363825.0
157,Gentofte,2014,74282,378676.0
157,Gentofte,2015,74932,425302.0
157,Gentofte,2016,75350,412157.0
157,Gentofte,2017,75805,419650.0
157,Gentofte,2018,75803,427370.0
157,Gentofte,2019,75176,468130.0
157,Gentofte,2020,74830,466520.0
157,Gentofte,2021,74550,529706.0
157,Gentofte,2022,74217,514283.0
157,Gentofte,2023,74838,591074.0
157,Gentofte,2024,75033,570329.0
159,Gladsaxe,2008,62562,189655.0
159,Gladsaxe,2009,63233,191061.0
159,Gladsaxe,2010,64102,207801.0
159,Gladsaxe,2011,64951,213516.0
159,Gladsaxe,2012,65303,217354.0
159,Gladsaxe,2013,66030,224069.0
159,Gladsaxe,2014,66656,230224.0
159,Gladsaxe,2015,67347,235249.0
159,Gladsaxe,2016,67914,238495.0
159,Gladsaxe,2017,68775,245192.0
159,Gladsaxe,2018,69484,250679.0
159,Gladsaxe,2019,69681,259311.0
159,Gladsaxe,2020,69262,274032.0
159,Gladsaxe,2021,69200,286086.0
159,Gladsaxe,2022,69259,285576.0
159,Gladsaxe,2023,70001,301819.0
159,Gladsaxe,2024,70600,310421.0
161,Glostrup,2008,20673,184220.0
161,Glostrup,2009,21008,187212.0
161,Glostrup,2010,21296,201063.0
161,Glostrup,2011,21384,202928.0
161,Glostrup,2012,21650,205223.0
161,Glostrup,2013,21869,210408.0
161,Glostrup,2014,22066,213912.0
161,Glostrup,2015,22357,219926.0
161,Glostrup,2016,22461,222384.0
161,Glostrup,2017,22528,228242.0
161,Glostrup,2018,22663,232928.0
161,Glostrup,2019,22615,238682.0
161,Glostrup,2020,23128,250472.0
161,Glostrup,2021,23380,261718.0
161,Glostrup,2022,23514,261201.0
161,Glostrup,2023,23635,269703.0
161,Glostrup,2024,23655,280422.0
253,Greve,2008,47773,204182.0
253,Greve,2009,47951,198311.0
253,Greve,2010,47826,216897.0
253,Greve,2011,47978,222654.0
253,Greve,2012,47942,227225.0
253,Greve,2013,47980,233678.0
253,Greve,2014,48095,238815.0
253,Greve,2015,48835,242508.0
253,Greve,2016,49518,247143.0
253,Greve,2017,49921,253934.0
253,Greve,2018,49974,259348.0
253,Greve,2019,50267,264596.0
253,Greve,2020,50558,277351.0
253,Greve,2021,50514,287771.0
253,Greve,2022,50818,286027.0
253,Greve,2023,51507,299792.0
253,Greve,2024,52157,306548.0
270,Gribskov,2008,40512,191709.0
270,Gribskov,2009,40627,189237.0
270,Gribskov,2010,40694,208448.0
270,Gribskov,2011,40700,210245.0
270,Gribskov,2012,40603,217462.0
270,Gribskov,2013,40655,220764.0
270,Gribskov,2014,40778,228428.0
270,Gribskov,2015,40855,232054.0
270,Gribskov,2016,41107,235351.0
270,Gribskov,2017,41213,241084.0
270,Gribskov,2018,41217,245826.0
270,Gribskov,2019,41195,251318.0
270,Gribskov,2020,41048,265910.0
270,Gribskov,2021,40971,277405.0
270,Gribskov,2022,41147,276827.0
270,Gribskov,2023,41547,286016.0
270,Gribskov,2024,41920,292834.0
376,Guldborgsund,2008,63496,160043.0
376,Guldborgsund,2009,63211,164034.0
376,Guldborgsund,2010,62912,176177.0
376,Guldborgsund,2011,62583,173408.0
376,Guldborgsund,2012,61913,180773.0
376,Guldborgsund,2013,61322,187256.0
376,Guldborgsund,2014,61007,189448.0
376,Guldborgsund,2015,60829,193790.0
376,Guldborgsund,2016,60979,195395.0
376,Guldborgsund,2017,61257,199571.0
376,Guldborgsund,2018,61219,203449.0
376,Guldborgsund,2019,60930,210439.0
376,Guldborgsund,2020,60722,221829.0
376,Guldborgsund,2021,60328,233857.0
376,Guldborgsund,2022,60310,234273.0
376,Guldborgsund,2023,60231,241655.0
376,Guldborgsund,2024,59759,246113.0
510,Haderslev,2008,56414,163614.0
510,Haderslev,2009,56508,170670.0
510,Haderslev,2010,56346,181337.0
510,Haderslev,2011,56117,182598.0
510,Haderslev,2012,56188,185536.0
510,Haderslev,2013,56051,190219.0
510,Haderslev,2014,55906,193583.0
510,Haderslev,2015,55888,198173.0
510,Haderslev,2016,56029,200526.0
510,Haderslev,2017,56045,208067.0
510,Haderslev,2018,55963,212391.0
510,Haderslev,2019,55857,219616.0
510,Haderslev,2020,55670,228974.0
510,Haderslev,2021,55376,238417.0
510,Haderslev,2022,55340,240469.0
510,Haderslev,2023,55353,247184.0
510,Haderslev,2024,55438,251031.0
260,Halsnæs,2008,30824,177756.0
260,Halsnæs,2009,31013,175875.0
260,Halsnæs,2010,31077,189494.0
260,Halsnæs,2011,31056,191281.0
260,Halsnæs,2012,30980,195920.0
260,Halsnæs,2013,30803,201199.0
260,Halsnæs,2014,30647,205963.0
260,Halsnæs,2015,30736,210450.0
260,Halsnæs,2016,31049,213281.0
260,Halsnæs,2017,31162,219665.0
260,Halsnæs,2018,31168,224733.0
260,Halsnæs,2019,31271,229476.0
260,Halsnæs,2020,31384,241285.0
260,Halsnæs,2021,31420,250501.0
260,Halsnæs,2022,31344,250329.0
260,Halsnæs,2023,31466,260823.0
260,Halsnæs,2024,31515,268127.0
766,Hedensted,2008,45561,175190.0
766,Hedensted,2009,45954,180127.0
766,Hedensted,2010,45982,193808.0
766,Hedensted,2011,45980,194684.0
766,Hedensted,2012,46029,201335.0
766,Hedensted,2013,45868,206998.0
766,Hedensted,2014,45715,211880.0
766,Hedensted,2015,46091,218083.0
766,Hedensted,2016,46206,218894.0
766,Hedensted,2017,46524,225664.0
766,Hedensted,2018,46616,233866.0
766,Hedensted,2019,46747,239240.0
766,Hedensted,2020,46722,251112.0
766,Hedensted,2021,46773,261284.0
766,Hedensted,2022,47099,265410.0
766,Hedensted,2023,47609,269899.0
766,Hedensted,2024,47725,276539.0
217,Helsingør,2008,60844,191690.0
217,Helsingør,2009,61053,190185.0
217,Helsingør,2010,61143,208852.0
217,Helsingør,2011,61368,213742.0
217,Helsingør,2012,61493,219131.0
217,Helsingør,2013,61613,227974.0
217,Helsingør,2014,61519,233337.0
217,Helsingør,2015,61632,239974.0
217,Helsingør,2016,62092,242869.0
217,Helsingør,2017,62443,249399.0
217,Helsingør,2018,62686,254779.0
217,Helsingør,2019,62567,263192.0
217,Helsingør,2020,62695,277015.0
217,Helsingør,2021,63000,292923.0
217,Helsingør,2022,62875,287701.0
217,Helsingør,2023,63399,299652.0
217,Helsingør,2024,63838,310173.0
163,Herlev,2008,26567,182484.0
163,Herlev,2009,26635,185132.0
163,Herlev,2010,26556,199259.0
163,Herlev,2011,26597,203029.0
163,Herlev,2012,26608,207286.0
163,Herlev,2013,26958,213345.0
163,Herlev,2014,27706,215922.0
163,Herlev,2015,28148,220790.0
163,Herlev,2016,28423,225266.0
163,Herlev,2017,28406,229138.0
163,Herlev,2018,28572,236643.0
163,Herlev,2019,28786,242303.0
163,Herlev,2020,28953,258098.0
163,Herlev,2021,28913,265046.0
163,Herlev,2022,28867,264478.0
163,Herlev,2023,29215,278171.0
163,Herlev,2024,29876,291266.0
657,Herning,2008,84208,170883.0
657,Herning,2009,85217,174893.0
657,Herning,2010,85548,190683.0
657,Herning,2011,85852,199171.0
657,Herning,2012,86348,199123.0
657,Herning,2013,86595,203505.0
657,Herning,2014,86842,208360.0
657,Herning,2015,86864,211934.0
657,Herning,2016,87593,216136.0
657,Herning,2017,88386,223994.0
657,Herning,2018,88733,229212.0
657,Herning,2019,88917,236376.0
657,Herning,2020,89127,249340.0
657,Herning,2021,89238,258963.0
657,Herning,2022,89230,261519.0
657,Herning,2023,89952,267283.0
657,Herning,2024,89848,273181.0
219,Hillerød,2008,46568,200693.0
219,Hillerød,2009,47081,199617.0
219,Hillerød,2010,47473,220042.0
219,Hillerød,2011,47916,223169.0
219,Hillerød,2012,48203,229704.0
219,Hillerød,2013,48315,234938.0
219,Hillerød,2014,48695,239173.0
219,Hillerød,2015,49108,251272.0
219,Hillerød,2016,49672,252019.0
219,Hillerød,2017,50109,256639.0
219,Hillerød,2018,50650,262199.0
219,Hillerød,2019,50998,269847.0
219,Hillerød,2020,51183,281446.0
219,Hillerød,2021,51528,294129.0
219,Hillerød,2022,53257,293383.0
219,Hillerød,2023,54159,305073.0
219,Hillerød,2024,54422,320229.0
860,Hjørring,2008,67121,159361.0
860,Hjørring,2009,67102,163001.0
860,Hjørring,2010,66803,176671.0
860,Hjørring,2011,66473,183635.0
860,Hjørring,2012,66178,189370.0
860,Hjørring,2013,65767,194713.0
860,Hjørring,2014,65405,197607.0
860,Hjørring,2015,65295,201501.0
860,Hjørring,2016,65411,204651.0
860,Hjørring,2017,65307,214621.0
860,Hjørring,2018,65257,217772.0
860,Hjørring,2019,64665,223556.0
860,Hjørring,2020,64483,233897.0
860,Hjørring,2021,64155,243166.0
860,Hjørring,2022,63839,243989.0
860,Hjørring,2023,63998,251445.0
860,Hjørring,2024,63544,255917.0
316,Holbæk,2008,69010,174818.0
316,Holbæk,2009,69528,179417.0
316,Holbæk,2010,69550,194120.0
316,Holbæk,2011,69521,195562.0
316,Holbæk,2012,69415,201290.0
316,Holbæk,2013,69263,206536.0
316,Holbæk,2014,69016,210844.0
316,Holbæk,2015,69035,217027.0
316,Holbæk,2016,69972,218575.0
316,Holbæk,2017,70950,224912.0
316,Holbæk,2018,70983,229668.0
316,Holbæk,2019,71297,236423.0
316,Holbæk,2020,71541,248204.0
316,Holbæk,2021,71913,261166.0
316,Holbæk,2022,72810,262276.0
316,Holbæk,2023,73440,271143.0
316,Holbæk,2024,74129,277859.0
661,Holstebro,2008,57020,170178.0
661,Holstebro,2009,57267,173063.0
661,Holstebro,2010,57056,189285.0
661,Holstebro,2011,57161,195009.0
661,Holstebro,2012,57153,201477.0
661,Holstebro,2013,57254,208410.0
661,Holstebro,2014,57338,208196.0
661,Holstebro,2015,57494,212478.0
661,Holstebro,2016,57661,213089.0
661,Holstebro,2017,58125,220535.0
661,Holstebro,2018,58418,224254.0
661,Holstebro,2019,58504,231857.0
661,Holstebro,2020,58591,242976.0
661,Holstebro,2021,58662,258494.0
661,Holstebro,2022,58553,256921.0
661,Holstebro,2023,58978,262664.0
661,Holstebro,2024,59016,269279.0
615,Horsens,2008,80102,168107.0
615,Horsens,2009,81565,175684.0
615,Horsens,2010,81957,188952.0
615,Horsens,2011,82835,193460.0
615,Horsens,2012,83598,198571.0
615,Horsens,2013,84871,204107.0
615,Horsens,2014,85662,208807.0
615,Horsens,2015,86361,212286.0
615,Horsens,2016,87736,216516.0
615,Horsens,2017,89030,223298.0
615,Horsens,2018,89598,230081.0
615,Horsens,2019,90370,237304.0
615,Horsens,2020,90966,248027.0
615,Horsens,2021,92229,257774.0
615,Horsens,2022,94443,258194.0
615,Horsens,2023,96480,263504.0
615,Horsens,2024,97392,271024.0
167,Hvidovre,2008,49380,178735.0
167,Hvidovre,2009,49366,179674.0
167,Hvidovre,2010,49724,193402.0
167,Hvidovre,2011,50081,196751.0
167,Hvidovre,2012,50600,200751.0
167,Hvidovre,2013,51341,204689.0
167,Hvidovre,2014,51842,210133.0
167,Hvidovre,2015,52380,213854.0
167,Hvidovre,2016,52831,217747.0
167,Hvidovre,2017,52964,222678.0
167,Hvidovre,2018,53282,229211.0
167,Hvidovre,2019,53416,235914.0
167,Hvidovre,2020,53527,246531.0
167,Hvidovre,2021,53451,257560.0
167,Hvidovre,2022,53267,259773.0
167,Hvidovre,2023,53443,271403.0
167,Hvidovre,2024,53760,284383.0
169,Høje-Taastrup,2008,47158,182681.0
169,Høje-Taastrup,2009,47400,184364.0
169,Høje-Taastrup,2010,47664,195732.0
169,Høje-Taastrup,2011,47753,198826.0
169,Høje-Taastrup,2012,48081,201616.0
169,Høje-Taastrup,2013,48471,205502.0
169,Høje-Taastrup,2014,48807,209435.0
169,Høje-Taastrup,2015,49230,212484.0
169,Høje-Taastrup,2016,49960,216200.0
169,Høje-Taastrup,2017,50246,221711.0
169,Høje-Taastrup,2018,50596,225609.0
169,Høje-Taastrup,2019,50686,231927.0
169,Høje-Taastrup,2020,50759,240922.0
169,Høje-Taastrup,2021,51729,251027.0
169,Høje-Taastrup,2022,53053,250298.0
169,Høje-Taastrup,2023,55258,260416.0
169,Høje-Taastrup,2024,57540,269751.0
223,Hørsholm,2008,24197,259812.0
223,Hørsholm,2009,24310,250958.0
223,Hørsholm,2010,24378,303967.0
223,Hørsholm,2011,24415,314966.0
223,Hørsholm,2012,24365,323727.0
223,Hørsholm,2013,24543,336218.0
223,Hørsholm,2014,24709,342182.0
223,Hørsholm,2015,24856,354864.0
223,Hørsholm,2016,24965,359424.0
223,Hørsholm,2017,24977,380412.0
223,Hørsholm,2018,25028,375418.0
223,Hørsholm,2019,25007,392275.0
223,Hørsholm,2020,24864,423072.0
223,Hørsholm,2021,24917,432190.0
223,Hørsholm,2022,24761,422786.0
223,Hørsholm,2023,24715,439441.0
223,Hørsholm,2024,24811,452520.0
756,Ikast-Brande,2008,39893,168018.0
756,Ikast-Brande,2009,40176,169166.0
756,Ikast-Brande,2010,40312,184078.0
756,Ikast-Brande,2011,40571,190432.0
756,Ikast-Brande,2012,40658,193896.0
756,Ikast-Brande,2013,40468,201456.0
756,Ikast-Brande,2014,40602,201643.0
756,Ikast-Brande,2015,40598,207661.0
756,Ikast-Brande,2016,40798,212149.0
756,Ikast-Brande,2017,40981,218377.0
756,Ikast-Brande,2018,41191,221583.0
756,Ikast-Brande,2019,41282,235166.0
756,Ikast-Brande,2020,41369,254677.0
756,Ikast-Brande,2021,41473,249535.0
756,Ikast-Brande,2022,41885,253249.0
756,Ikast-Brande,2023,42540,255966.0
756,Ikast-Brande,2024,42737,265794.0
183,Ishøj,2008,20687,167694.0
183,Ishøj,2009,20756,167550.0
183,Ishøj,2010,20606,179004.0
183,Ishøj,2011,20797,181875.0
183,Ishøj,2012,21087,184956.0
183,Ishøj,2013,21131,187709.0
183,Ishøj,2014,21547,189764.0
183,Ishøj,2015,22025,193760.0
183,Ishøj,2016,22358,196572.0
183,Ishøj,2017,22719,200961.0
183,Ishøj,2018,22988,205800.0
183,Ishøj,2019,22946,210203.0
183,Ishøj,2020,22989,219899.0
183,Ishøj,2021,23131,229369.0
183,Ishøj,2022,23225,231263.0
183,Ishøj,2023,23457,241416.0
183,Ishøj,2024,23663,248266.0
849,Jammerbugt,2008,38957,159344.0
849,Jammerbugt,2009,38990,165454.0
849,Jammerbugt,2010,38927,179025.0
849,Jammerbugt,2011,38733,185213.0
849,Jammerbugt,2012,38611,190992.0
849,Jammerbugt,2013,38597,196579.0
849,Jammerbugt,2014,38351,197244.0
849,Jammerbugt,2015,38293,200225.0
849,Jammerbugt,2016,38466,202263.0
849,Jammerbugt,2017,38581,207677.0
849,Jammerbugt,2018,38638,213308.0
849,Jammerbugt,2019,38460,220723.0
849,Jammerbugt,2020,38324,232587.0
849,Jammerbugt,2021,38175,245136.0
849,Jammerbugt,2022,38187,244300.0
849,Jammerbugt,2023,38364,247982.0
849,Jammerbugt,2024,38234,254538.0
326,Kalundborg,2008,49743,164757.0
326,Kalundborg,2009,49741,173131.0
326,Kalundborg,2010,49265,187246.0
326,Kalundborg,2011,49088,189511.0
326,Kalundborg,2012,48632,194947.0
326,Kalundborg,2013,48294,200521.0
326,Kalundborg,2014,48358,204557.0
326,Kalundborg,2015,48469,211370.0
326,Kalundborg,2016,48660,213540.0
326,Kalundborg,2017,48736,217630.0
326,Kalundborg,2018,48982,222710.0
326,Kalundborg,2019,48681,229901.0
326,Kalundborg,2020,48436,238499.0
326,Kalundborg,2021,48487,250822.0
326,Kalundborg,2022,48368,255624.0
326,Kalundborg,2023,48602,267582.0
326,Kalundborg,2024,48309,272926.0
440,Kerteminde,2008,23630,167061.0
440,Kerteminde,2009,23745,173181.0
440,Kerteminde,2010,23770,186206.0
440,Kerteminde,2011,23758,190155.0
440,Kerteminde,2012,23793,191983.0
440,Kerteminde,2013,23787,197804.0
440,Kerteminde,2014,23665,204194.0
440,Kerteminde,2015,23728,208480.0
440,Kerteminde,2016,23880,212795.0
440,Kerteminde,2017,23774,216753.0
440,Kerteminde,2018,23756,222244.0
440,Kerteminde,2019,23773,229574.0
440,Kerteminde,2020,23812,238060.0
440,Kerteminde,2021,23847,255298.0
440,Kerteminde,2022,24034,253054.0
440,Kerteminde,2023,23991,263775.0
440,Kerteminde,2024,23894,267813.0
621,Kolding,2008,87781,177514.0
621,Kolding,2009,88519,179153.0
621,Kolding,2010,89071,195240.0
621,Kolding,2011,89210,198340.0
621,Kolding,2012,89412,202911.0
621,Kolding,2013,89556,206286.0
621,Kolding,2014,90066,211240.0
621,Kolding,2015,90794,216806.0
621,Kolding,2016,91695,220481.0
621,Kolding,2017,92282,227236.0
621,Kolding,2018,92515,232918.0
621,Kolding,2019,92893,239198.0
621,Kolding,2020,93175,253243.0
621,Kolding,2021,93161,263615.0
621,Kolding,2022,93544,262201.0
621,Kolding,2023,94528,270148.0
621,Kolding,2024,94932,275204.0
101,København,2008,509861,167519.0
101,København,2009,518574,171951.0
101,København,2010,528208,184281.0
101,København,2011,539542,189182.0
101,København,2012,549050,192989.0
101,København,2013,559440,198131.0
101,København,2014,569557,204008.0
101,København,2015,580184,209991.0
101,København,2016,591481,215215.0
101,København,2017,602481,220945.0
101,København,2018,613288,228338.0
101,København,2019,623404,236730.0
101,København,2020,632340,247849.0
101,København,2021,638117,263154.0
101,København,2022,644431,263314.0
101,København,2023,653664,278242.0
101,København,2024,659350,295836.0
259,Køge,2008,56637,184889.0
259,Køge,2009,56848,184560.0
259,Køge,2010,57125,199699.0
259,Køge,2011,57271,202267.0
259,Køge,2012,57307,206521.0
259,Køge,2013,57771,210935.0
259,Køge,2014,58374,217251.0
259,Køge,2015,59285,221728.0
259,Køge,2016,59868,224381.0
259,Køge,2017,60109,230812.0
259,Køge,2018,60356,236936.0
259,Køge,2019,60675,243517.0
259,Køge,2020,60979,257870.0
259,Køge,2021,61475,266858.0
259,Køge,2022,61718,266931.0
259,Køge,2023,62458,278321.0
259,Køge,2024,62848,291848.0
482,Langeland,2008,13741,150802.0
482,Langeland,2009,13563,152868.0
482,Langeland,2010,13510,163831.0
482,Langeland,2011,13322,165598.0
482,Langeland,2012,13094,171838.0
482,Langeland,2013,12861,174085.0
482,Langeland,2014,12695,178437.0
482,Langeland,2015,12647,179988.0
482,Langeland,2016,12547,183295.0
482,Langeland,2017,12578,187483.0
482,Langeland,2018,12641,189623.0
482,Langeland,2019,12560,198995.0
482,Langeland,2020,12491,213219.0
482,Langeland,2021,12367,216232.0
482,Langeland,2022,12316,220031.0
482,Langeland,2023,12384,229432.0
482,Langeland,2024,12260,229128.0
350,Lejre,2008,26603,197298.0
350,Lejre,2009,26778,195820.0
350,Lejre,2010,26794,216889.0
350,Lejre,2011,26764,217508.0
350,Lejre,2012,26887,223167.0
350,Lejre,2013,26901,230093.0
350,Lejre,2014,26989,233233.0
350,Lejre,2015,27172,238443.0
350,Lejre,2016,27317,243866.0
350,Lejre,2017,27402,250901.0
350,Lejre,2018,27544,258246.0
350,Lejre,2019,27775,263348.0
350,Lejre,2020,27996,274092.0
350,Lejre,2021,28173,287111.0
350,Lejre,2022,28623,286255.0
350,Lejre,2023,28930,295695.0
350,Lejre,2024,29347,305283.0
665,Lemvig,2008,22067,163870.0
665,Lemvig,2009,21946,164417.0
665,Lemvig,2010,21790,185476.0
665,Lemvig,2011,21554,189387.0
665,Lemvig,2012,21384,190977.0
665,Lemvig,2013,21223,202704.0
665,Lemvig,2014,20933,201025.0
665,Lemvig,2015,20657,208170.0
665,Lemvig,2016,20399,215996.0
665,Lemvig,2017,20291,220222.0
665,Lemvig,2018,20133,217221.0
665,Lemvig,2019,19998,231047.0
665,Lemvig,2020,19722,243483.0
665,Lemvig,2021,19607,255511.0
665,Lemvig,2022,19398,258216.0
665,Lemvig,2023,19371,267617.0
665,Lemvig,2024,19110,273175.0
360,Lolland,2008,48219,150538.0
360,Lolland,2009,47757,156163.0
360,Lolland,2010,46984,166511.0
360,Lolland,2011,46111,168257.0
360,Lolland,2012,45241,173006.0
360,Lolland,2013,44436,178638.0
360,Lolland,2014,43528,182877.0
360,Lolland,2015,43024,184575.0
360,Lolland,2016,42638,185452.0
360,Lolland,2017,42285,189770.0
360,Lolland,2018,41982,193056.0
360,Lolland,2019,41615,199553.0
360,Lolland,2020,41105,207903.0
360,Lolland,2021,40539,220048.0
360,Lolland,2022,40107,222540.0
360,Lolland,2023,39921,231158.0
360,Lolland,2024,39632,235450.0
173,Lyngby-Taarbæk,2008,51449,226855.0
173,Lyngby-Taarbæk,2009,51532,223304.0
173,Lyngby-Taarbæk,2010,52237,254713.0
173,Lyngby-Taarbæk,2011,52754,263333.0
173,Lyngby-Taarbæk,2012,53251,271433.0
173,Lyngby-Taarbæk,2013,53840,282845.0
173,Lyngby-Taarbæk,2014,54237,298540.0
173,Lyngby-Taarbæk,2015,54778,321890.0
173,Lyngby-Taarbæk,2016,55097,310197.0
173,Lyngby-Taarbæk,2017,55240,313568.0
173,Lyngby-Taarbæk,2018,55472,322546.0
173,Lyngby-Taarbæk,2019,55790,335602.0
173,Lyngby-Taarbæk,2020,56214,346600.0
173,Lyngby-Taarbæk,2021,56614,374550.0
173,Lyngby-Taarbæk,2022,57826,363399.0
173,Lyngby-Taarbæk,2023,58434,403789.0
173,Lyngby-Taarbæk,2024,58538,401048.0
825,Læsø,2008,2003,151090.0
825,Læsø,2009,1993,155465.0
825,Læsø,2010,1969,170443.0
825,Læsø,2011,1949,176809.0
825,Læsø,2012,1897,181651.0
825,Læsø,2013,1839,187126.0
825,Læsø,2014,1808,185827.0
825,Læsø,2015,1795,188907.0
825,Læsø,2016,1817,194996.0
825,Læsø,2017,1793,201446.0
825,Læsø,2018,1807,200288.0
825,Læsø,2019,1806,208152.0
825,Læsø,2020,1786,215681.0
825,Læsø,2021,1764,234388.0
825,Læsø,2022,1769,221846.0
825,Læsø,2023,1789,236223.0
825,Læsø,2024,1759,240554.0
846,Mariagerfjord,2008,42667,163464.0
846,Mariagerfjord,2009,42762,166503.0
846,Mariagerfjord,2010,42604,180701.0
846,Mariagerfjord,2011,42572,184920.0
846,Mariagerfjord,2012,42429,190422.0
846,Mariagerfjord,2013,42111,193119.0
846,Mariagerfjord,2014,42093,197592.0
846,Mariagerfjord,2015,42134,200465.0
846,Mariagerfjord,2016,42131,204608.0
846,Mariagerfjord,2017,42066,210959.0
846,Mariagerfjord,2018,42125,216354.0
846,Mariagerfjord,2019,42055,225410.0
846,Mariagerfjord,2020,41800,236314.0
846,Mariagerfjord,2021,41536,246192.0
846,Mariagerfjord,2022,41662,250212.0
846,Mariagerfjord,2023,41859,255881.0
846,Mariagerfjord,2024,41762,262216.0
410,Middelfart,2008,37274,176057.0
410,Middelfart,2009,37625,181640.0
410,Middelfart,2010,37661,197527.0
410,Middelfart,2011,37701,197333.0
410,Middelfart,2012,37612,204818.0
410,Middelfart,2013,37523,209102.0
410,Middelfart,2014,37685,212585.0
410,Middelfart,2015,37857,221205.0
410,Middelfart,2016,37913,221910.0
410,Middelfart,2017,38093,232668.0
410,Middelfart,2018,38210,235139.0
410,Middelfart,2019,38553,247633.0
410,Middelfart,2020,38853,259282.0
410,Middelfart,2021,39116,268276.0
410,Middelfart,2022,39603,273442.0
410,Middelfart,2023,39961,280047.0
410,Middelfart,2024,40158,285877.0
773,Morsø,2008,22091,154331.0
773,Morsø,2009,22098,156798.0
773,Morsø,2010,21833,166264.0
773,Morsø,2011,21600,174164.0
773,Morsø,2012,21474,178822.0
773,Morsø,2013,21189,184638.0
773,Morsø,2014,21003,186678.0
773,Morsø,2015,20816,190725.0
773,Morsø,2016,20629,192683.0
773,Morsø,2017,20665,200628.0
773,Morsø,2018,20514,202190.0
773,Morsø,2019,20403,214513.0
773,Morsø,2020,20247,222402.0
773,Morsø,2021,20066,229968.0
773,Morsø,2022,20068,238571.0
773,Morsø,2023,19927,239931.0
773,Morsø,2024,19734,246623.0
707,Norddjurs,2008,38581,160051.0
707,Norddjurs,2009,38390,162946.0
707,Norddjurs,2010,38148,176149.0
707,Norddjurs,2011,38029,180328.0
707,Norddjurs,2012,37876,183718.0
707,Norddjurs,2013,38035,187709.0
707,Norddjurs,2014,37925,191447.0
707,Norddjurs,2015,37898,195317.0
707,Norddjurs,2016,38144,197067.0
707,Norddjurs,2017,38099,203237.0
707,Norddjurs,2018,38197,207855.0
707,Norddjurs,2019,37680,213598.0
707,Norddjurs,2020,37089,224933.0
707,Norddjurs,2021,36943,233140.0
707,Norddjurs,2022,36921,238502.0
707,Norddjurs,2023,36978,244016.0
707,Norddjurs,2024,36773,249494.0
480,Nordfyns,2008,29470,159335.0
480,Nordfyns,2009,29651,163963.0
480,Nordfyns,2010,29638,178366.0
480,Nordfyns,2011,29507,184924.0
480,Nordfyns,2012,29330,187996.0
480,Nordfyns,2013,29224,193530.0
480,Nordfyns,2014,29066,196073.0
480,Nordfyns,2015,29030,199840.0
480,Nordfyns,2016,29298,201672.0
480,Nordfyns,2017,29446,208757.0
480,Nordfyns,2018,29516,214266.0
480,Nordfyns,2019,29693,221156.0
480,Nordfyns,2020,29665,229635.0
480,Nordfyns,2021,29549,238072.0
480,Nordfyns,2022,29714,241186.0
480,Nordfyns,2023,29726,247290.0
480,Nordfyns,2024,29610,252071.0
450,Nyborg,2008,31607,165847.0
450,Nyborg,2009,31714,171287.0
450,Nyborg,2010,31690,182827.0
450,Nyborg,2011,31499,185598.0
450,Nyborg,2012,31486,189331.0
450,Nyborg,2013,31350,192813.0
450,Nyborg,2014,31314,197224.0
450,Nyborg,2015,31573,200214.0
450,Nyborg,2016,31886,202796.0
450,Nyborg,2017,32142,208179.0
450,Nyborg,2018,32032,215483.0
450,Nyborg,2019,32042,220372.0
450,Nyborg,2020,32009,231476.0
450,Nyborg,2021,31933,240844.0
450,Nyborg,2022,32098,242172.0
450,Nyborg,2023,32262,253160.0
450,Nyborg,2024,32193,256450.0
370,Næstved,2008,80732,170481.0
370,Næstved,2009,80954,176156.0
370,Næstved,2010,81112,189326.0
370,Næstved,2011,80963,192912.0
370,Næstved,2012,81012,197967.0
370,Næstved,2013,81163,202549.0
370,Næstved,2014,81432,205699.0
370,Næstved,2015,81687,210156.0
370,Næstved,2016,82342,213168.0
370,Næstved,2017,82581,219169.0
370,Næstved,2018,82938,223879.0
370,Næstved,2019,82991,231004.0
370,Næstved,2020,83143,242177.0
370,Næstved,2021,83181,252832.0
370,Næstved,2022,83801,252789.0
370,Næstved,2023,84574,259892.0
370,Næstved,2024,84747,264921.0
727,Odder,2008,21562,176608.0
727,Odder,2009,21593,185073.0
727,Odder,2010,21721,200585.0
727,Odder,2011,21852,204311.0
727,Odder,2012,21749,210477.0
727,Odder,2013,21800,215912.0
727,Odder,2014,21773,220531.0
727,Odder,2015,21928,222963.0
727,Odder,2016,22131,227984.0
727,Odder,2017,22331,233238.0
727,Odder,2018,22626,238007.0
727,Odder,2019,22675,247163.0
727,Odder,2020,22844,260507.0
727,Odder,2021,22979,269323.0
727,Odder,2022,23304,269001.0
727,Odder,2023,23626,278060.0
727,Odder,2024,23896,277813.0
461,Odense,2008,186932,165768.0
461,Odense,2009,187929,170798.0
461,Odense,2010,188777,184436.0
461,Odense,2011,190245,186960.0
461,Odense,2012,191610,187409.0
461,Odense,2013,193370,192896.0
461,Odense,2014,195797,196374.0
461,Odense,2015,197480,201180.0
461,Odense,2016,198972,203000.0
461,Odense,2017,200563,206649.0
461,Odense,2018,202348,211967.0
461,Odense,2019,204182,217495.0
461,Odense,2020,204895,226727.0
461,Odense,2021,205509,238124.0
461,Odense,2022,205978,238218.0
461,Odense,2023,207762,250388.0
461,Odense,2024,209078,257928.0
306,Odsherred,2008,33129,161163.0
306,Odsherred,2009,33159,165045.0
306,Odsherred,2010,33030,177967.0
306,Odsherred,2011,32845,180222.0
306,Odsherred,2012,32640,185686.0
306,Odsherred,2013,32452,190481.0
306,Odsherred,2014,32534,194726.0
306,Odsherred,2015,32665,198086.0
306,Odsherred,2016,32816,200701.0
306,Odsherred,2017,33023,206201.0
306,Odsherred,2018,33083,210297.0
306,Odsherred,2019,33122,217089.0
306,Odsherred,2020,32957,226597.0
306,Odsherred,2021,32923,237045.0
306,Odsherred,2022,32881,239052.0
306,Odsherred,2023,32977,246646.0
306,Odsherred,2024,32605,250261.0
730,Randers,2008,93644,166411.0
730,Randers,2009,94221,170049.0
730,Randers,2010,94750,182432.0
730,Randers,2011,95318,185608.0
730,Randers,2012,95756,189553.0
730,Randers,2013,96007,193219.0
730,Randers,2014,96343,196159.0
730,Randers,2015,96800,201261.0
730,Randers,2016,97520,204527.0
730,Randers,2017,98118,209411.0
730,Randers,2018,98265,216009.0
730,Randers,2019,97909,222865.0
730,Randers,2020,97805,233590.0
730,Randers,2021,98190,241945.0
730,Randers,2022,98988,245645.0
730,Randers,2023,99931,251503.0
730,Randers,2024,99974,256955.0
840,Rebild,2008,28753,168398.0
840,Rebild,2009,28900,176004.0
840,Rebild,2010,28852,189881.0
840,Rebild,2011,28940,198058.0
840,Rebild,2012,28911,204486.0
840,Rebild,2013,28866,211397.0
840,Rebild,2014,28794,215056.0
840,Rebild,2015,28859,218859.0
840,Rebild,2016,29149,223042.0
840,Rebild,2017,29391,231559.0
840,Rebild,2018,29827,238925.0
840,Rebild,2019,29916,247609.0
840,Rebild,2020,30113,259684.0
840,Rebild,2021,30518,270439.0
840,Rebild,2022,30646,276460.0
840,Rebild,2023,30908,283758.0
840,Rebild,2024,30937,291879.0
760,Ringkøbing-Skjern,2008,58368,166940.0
760,Ringkøbing-Skjern,2009,58803,171904.0
760,Ringkøbing-Skjern,2010,58439,186306.0
760,Ringkøbing-Skjern,2011,58068,191423.0
760,Ringkøbing-Skjern,2012,57892,197294.0
760,Ringkøbing-Skjern,2013,57529,201816.0
760,Ringkøbing-Skjern,2014,57093,204248.0
760,Ringkøbing-Skjern,2015,57042,207635.0
760,Ringkøbing-Skjern,2016,57139,208666.0
760,Ringkøbing-Skjern,2017,57022,218399.0
760,Ringkøbing-Skjern,2018,57005,221198.0
760,Ringkøbing-Skjern,2019,56930,230206.0
760,Ringkøbing-Skjern,2020,56594,240974.0
760,Ringkøbing-Skjern,2021,56182,252677.0
760,Ringkøbing-Skjern,2022,56203,253252.0
760,Ringkøbing-Skjern,2023,56348,260479.0
760,Ringkøbing-Skjern,2024,56218,270125.0
329,Ringsted,2008,32092,178548.0
329,Ringsted,2009,32442,180589.0
329,Ringsted,2010,32584,195884.0
329,Ringsted,2011,32890,197182.0
329,Ringsted,2012,33153,202268.0
329,Ringsted,2013,33217,206886.0
329,Ringsted,2014,33349,210613.0
329,Ringsted,2015,33573,214485.0
329,Ringsted,2016,34031,217832.0
329,Ringsted,2017,34259,225324.0
329,Ringsted,2018,34473,229385.0
329,Ringsted,2019,34725,236332.0
329,Ringsted,2020,34852,248414.0
329,Ringsted,2021,34847,260103.0
329,Ringsted,2022,35141,260260.0
329,Ringsted,2023,35906,268728.0
329,Ringsted,2024,36356,275838.0
265,Roskilde,2008,80687,198139.0
265,Roskilde,2009,81285,196563.0
265,Roskilde,2010,81947,214795.0
265,Roskilde,2011,82542,219158.0
265,Roskilde,2012,83137,224768.0
265,Roskilde,2013,83554,229263.0
265,Roskilde,2014,84219,236919.0
265,Roskilde,2015,85026,242144.0
265,Roskilde,2016,86207,246634.0
265,Roskilde,2017,87015,253903.0
265,Roskilde,2018,87382,260890.0
265,Roskilde,2019,87577,270155.0
265,Roskilde,2020,87914,282633.0
265,Roskilde,2021,88889,296120.0
265,Roskilde,2022,89447,294230.0
265,Roskilde,2023,90446,311527.0
265,Roskilde,2024,90931,323534.0
230,Rudersdal,2008,53869,266930.0
230,Rudersdal,2009,53915,254810.0
230,Rudersdal,2010,54444,306853.0
230,Rudersdal,2011,54765,316723.0
230,Rudersdal,2012,54630,334819.0
230,Rudersdal,2013,54827,353767.0
230,Rudersdal,2014,55034,370374.0
230,Rudersdal,2015,55441,379354.0
230,Rudersdal,2016,55739,402149.0
230,Rudersdal,2017,56133,408095.0
230,Rudersdal,2018,55989,412461.0
230,Rudersdal,2019,56509,440723.0
230,Rudersdal,2020,56728,451164.0
230,Rudersdal,2021,57024,494339.0
230,Rudersdal,2022,57247,464564.0
230,Rudersdal,2023,57193,502623.0
230,Rudersdal,2024,57237,538360.0
175,Rødovre,2008,36144,180599.0
175,Rødovre,2009,36228,179581.0
175,Rødovre,2010,36233,192209.0
175,Rødovre,2011,36524,196608.0
175,Rødovre,2012,36883,200326.0
175,Rødovre,2013,37351,205730.0
175,Rødovre,2014,37552,210786.0
175,Rødovre,2015,37743,216505.0
175,Rødovre,2016,38002,220440.0
175,Rødovre,2017,38492,226083.0
175,Rødovre,2018,39343,232107.0
175,Rødovre,2019,40052,237630.0
175,Rødovre,2020,40652,250287.0
175,Rødovre,2021,41113,260667.0
175,Rødovre,2022,41382,260390.0
175,Rødovre,2023,42563,272339.0
175,Rødovre,2024,44328,282144.0
741,Samsø,2008,4085,156316.0
741,Samsø,2009,4003,163034.0
741,Samsø,2010,4010,168943.0
741,Samsø,2011,3885,178054.0
741,Samsø,2012,3889,185831.0
741,Samsø,2013,3806,190135.0
741,Samsø,2014,3767,191932.0
741,Samsø,2015,3733,201209.0
741,Samsø,2016,3710,198449.0
741,Samsø,2017,3724,206851.0
741,Samsø,2018,3720,211378.0
741,Samsø,2019,3684,222406.0
741,Samsø,2020,3657,235784.0
741,Samsø,2021,3682,244537.0
741,Samsø,2022,3716,236998.0
741,Samsø,2023,3775,247977.0
741,Samsø,2024,3694,248849.0
740,Silkeborg,2008,87371,181306.0
740,Silkeborg,2009,88016,187638.0
740,Silkeborg,2010,88481,196921.0
740,Silkeborg,2011,88913,196924.0
740,Silkeborg,2012,89328,206829.0
740,Silkeborg,2013,89346,211472.0
740,Silkeborg,2014,89633,203470.0
740,Silkeborg,2015,90016,223506.0
740,Silkeborg,2016,90719,233727.0
740,Silkeborg,2017,91237,236754.0
740,Silkeborg,2018,92024,242114.0
740,Silkeborg,2019,93054,249196.0
740,Silkeborg,2020,94026,262538.0
740,Silkeborg,2021,95488,275254.0
740,Silkeborg,2022,97358,276300.0
740,Silkeborg,2023,99400,284074.0
740,Silkeborg,2024,100747,289539.0
746,Skanderborg,2008,56044,189378.0
746,Skanderborg,2009,56636,194101.0
746,Skanderborg,2010,57303,212090.0
746,Skanderborg,2011,57717,217897.0
746,Skanderborg,2012,58008,224700.0
746,Skanderborg,2013,58094,229900.0
746,Skanderborg,2014,58176,236632.0
746,Skanderborg,2015,58782,241806.0
746,Skanderborg,2016,59481,246624.0
746,Skanderborg,2017,60401,252543.0
746,Skanderborg,2018,61158,259984.0
746,Skanderborg,2019,61974,269063.0
746,Skanderborg,2020,62678,284533.0
746,Skanderborg,2021,63390,295901.0
746,Skanderborg,2022,64318,294467.0
746,Skanderborg,2023,65138,302544.0
746,Skanderborg,2024,65205,307806.0
779,Skive,2008,48356,161995.0
779,Skive,2009,48300,167319.0
779,Skive,2010,48137,178510.0
779,Skive,2011,47986,183229.0
779,Skive,2012,47620,188348.0
779,Skive,2013,47291,192153.0
779,Skive,2014,46942,194850.0
779,Skive,2015,46641,200114.0
779,Skive,2016,46639,203607.0
779,Skive,2017,46540,210900.0
779,Skive,2018,46599,215303.0
779,Skive,2019,46224,223044.0
779,Skive,2020,45851,237359.0
779,Skive,2021,45425,243907.0
779,Skive,2022,45078,247931.0
779,Skive,2023,45069,252070.0
779,Skive,2024,44739,258877.0
330,Slagelse,2008,77457,166615.0
330,Slagelse,2009,77457,172499.0
330,Slagelse,2010,77475,183665.0
330,Slagelse,2011,77442,186917.0
330,Slagelse,2012,77310,190849.0
330,Slagelse,2013,77167,195571.0
330,Slagelse,2014,76948,198836.0
330,Slagelse,2015,77293,202831.0
330,Slagelse,2016,78140,206681.0
330,Slagelse,2017,78828,212000.0
330,Slagelse,2018,78968,216819.0
330,Slagelse,2019,79073,222269.0
330,Slagelse,2020,79073,231013.0
330,Slagelse,2021,79122,243578.0
330,Slagelse,2022,79691,246729.0
330,Slagelse,2023,79728,250311.0
330,Slagelse,2024,79923,257137.0
269,Solrød,2008,20759,210799.0
269,Solrød,2009,20743,201043.0
269,Solrød,2010,20882,223635.0
269,Solrød,2011,20964,234748.0
269,Solrød,2012,21156,241207.0
269,Solrød,2013,21145,244752.0
269,Solrød,2014,21339,256135.0
269,Solrød,2015,21552,263333.0
269,Solrød,2016,21788,271247.0
269,Solrød,2017,22147,275979.0
269,Solrød,2018,22518,282070.0
269,Solrød,2019,23065,298425.0
269,Solrød,2020,23255,308024.0
269,Solrød,2021,23441,320668.0
269,Solrød,2022,23794,314464.0
269,Solrød,2023,24216,332367.0
269,Solrød,2024,24579,336771.0
340,Sorø,2008,29180,169675.0
340,Sorø,2009,29458,179265.0
340,Sorø,2010,29522,191053.0
340,Sorø,2011,29499,195094.0
340,Sorø,2012,29393,200024.0
340,Sorø,2013,29288,207072.0
340,Sorø,2014,29299,211127.0
340,Sorø,2015,29331,216561.0
340,Sorø,2016,29543,218836.0
340,Sorø,2017,29595,225614.0
340,Sorø,2018,29669,229600.0
340,Sorø,2019,29834,238794.0
340,Sorø,2020,29881,246097.0
340,Sorø,2021,29993,259171.0
340,Sorø,2022,30018,259589.0
340,Sorø,2023,30444,268808.0
340,Sorø,2024,30478,276440.0
336,Stevns,2008,21892,182697.0
336,Stevns,2009,21948,179812.0
336,Stevns,2010,21931,194772.0
336,Stevns,2011,21855,198010.0
336,Stevns,2012,21855,201501.0
336,Stevns,2013,21818,207739.0
336,Stevns,2014,21825,213864.0
336,Stevns,2015,22038,217194.0
336,Stevns,2016,22260,220622.0
336,Stevns,2017,22492,226624.0
336,Stevns,2018,22727,233946.0
336,Stevns,2019,22782,242225.0
336,Stevns,2020,22805,249168.0
336,Stevns,2021,23034,260019.0
336,Stevns,2022,23473,262909.0
336,Stevns,2023,23692,268714.0
336,Stevns,2024,23649,277295.0
671,Struer,2008,22672,170125.0
671,Struer,2009,22642,171382.0
671,Struer,2010,22483,183709.0
671,Struer,2011,22190,188350.0
671,Struer,2012,22098,193412.0
671,Struer,2013,21846,196670.0
671,Struer,2014,21533,196535.0
671,Struer,2015,21439,200626.0
671,Struer,2016,21474,202272.0
671,Struer,2017,21347,208726.0
671,Struer,2018,21270,213174.0
671,Struer,2019,21143,220565.0
671,Struer,2020,21036,229130.0
671,Struer,2021,20808,240957.0
671,Struer,2022,20802,244086.0
671,Struer,2023,20794,248497.0
671,Struer,2024,20594,254689.0
479,Svendborg,2008,59040,170871.0
479,Svendborg,2009,59185,174462.0
479,Svendborg,2010,58998,186850.0
479,Svendborg,2011,58713,189217.0
479,Svendborg,2012,58551,194073.0
479,Svendborg,2013,58296,198528.0
479,Svendborg,2014,57979,203220.0
479,Svendborg,2015,57988,207099.0
479,Svendborg,2016,58228,210309.0
479,Svendborg,2017,58510,214742.0
479,Svendborg,2018,58698,218492.0
479,Svendborg,2019,58599,228998.0
479,Svendborg,2020,58296,240200.0
479,Svendborg,2021,58588,252283.0
479,Svendborg,2022,59193,252790.0
479,Svendborg,2023,59735,260178.0
479,Svendborg,2024,59727,263984.0
706,Syddjurs,2008,41281,175894.0
706,Syddjurs,2009,41314,177203.0
706,Syddjurs,2010,41392,190967.0
706,Syddjurs,2011,41734,195670.0
706,Syddjurs,2012,41815,203242.0
706,Syddjurs,2013,41894,212674.0
706,Syddjurs,2014,41719,209916.0
706,Syddjurs,2015,41652,216081.0
706,Syddjurs,2016,41889,221772.0
706,Syddjurs,2017,42021,227428.0
706,Syddjurs,2018,42468,230006.0
706,Syddjurs,2019,42768,240208.0
706,Syddjurs,2020,42962,251576.0
706,Syddjurs,2021,43168,269095.0
706,Syddjurs,2022,43596,259512.0
706,Syddjurs,2023,44207,266461.0
706,Syddjurs,2024,44076,271971.0
540,Sønderborg,2008,76913,165768.0
540,Sønderborg,2009,76793,156977.0
540,Sønderborg,2010,76439,182900.0
540,Sønderborg,2011,76193,184455.0
540,Sønderborg,2012,76094,190804.0
540,Sønderborg,2013,75732,192395.0
540,Sønderborg,2014,75264,197407.0
540,Sønderborg,2015,74937,199900.0
540,Sønderborg,2016,74737,203449.0
540,Sønderborg,2017,74801,210483.0
540,Sønderborg,2018,74650,215616.0
540,Sønderborg,2019,74561,222671.0
540,Sønderborg,2020,74220,231509.0
540,Sønderborg,2021,73831,242203.0
540,Sønderborg,2022,73711,242729.0
540,Sønderborg,2023,74380,249699.0
540,Sønderborg,2024,74233,255717.0
787,Thisted,2008,45549,160951.0
787,Thisted,2009,45596,162535.0
787,Thisted,2010,45297,175719.0
787,Thisted,2011,45145,181162.0
787,Thisted,2012,44908,185067.0
787,Thisted,2013,44494,191877.0
787,Thisted,2014,44230,192974.0
787,Thisted,2015,44078,199175.0
787,Thisted,2016,43991,203311.0
787,Thisted,2017,43826,209281.0
787,Thisted,2018,43716,213065.0
787,Thisted,2019,43660,222903.0
787,Thisted,2020,43423,232629.0
787,Thisted,2021,43160,241755.0
787,Thisted,2022,43089,244710.0
787,Thisted,2023,43383,245630.0
787,Thisted,2024,42989,252934.0
185,Tårnby,2008,40016,186265.0
185,Tårnby,2009,40214,189340.0
185,Tårnby,2010,40383,203459.0
185,Tårnby,2011,40835,209500.0
185,Tårnby,2012,41151,212669.0
185,Tårnby,2013,41572,217423.0
185,Tårnby,2014,41992,222582.0
185,Tårnby,2015,42573,227877.0
185,Tårnby,2016,42860,232591.0
185,Tårnby,2017,43010,239104.0
185,Tårnby,2018,43063,245993.0
185,Tårnby,2019,42984,252323.0
185,Tårnby,2020,42989,265421.0
185,Tårnby,2021,42670,275721.0
185,Tårnby,2022,42723,277090.0
185,Tårnby,2023,43042,290450.0
185,Tårnby,2024,43915,299878.0
550,Tønder,2008,40367,154378.0
550,Tønder,2009,40216,157264.0
550,Tønder,2010,39710,169980.0
550,Tønder,2011,39464,173996.0
550,Tønder,2012,39083,175742.0
550,Tønder,2013,38686,182838.0
550,Tønder,2014,38316,184557.0
550,Tønder,2015,38010,189550.0
550,Tønder,2016,37904,192157.0
550,Tønder,2017,37928,203148.0
550,Tønder,2018,37777,204836.0
550,Tønder,2019,37587,216267.0
550,Tønder,2020,37366,223509.0
550,Tønder,2021,37050,232876.0
550,Tønder,2022,36849,243037.0
550,Tønder,2023,36878,243142.0
550,Tønder,2024,36651,249158.0
187,Vallensbæk,2008,12399,203463.0
187,Vallensbæk,2009,13365,204412.0
187,Vallensbæk,2010,14045,222513.0
187,Vallensbæk,2011,14445,225587.0
187,Vallensbæk,2012,14565,230163.0
187,Vallensbæk,2013,14797,235874.0
187,Vallensbæk,2014,15095,244275.0
187,Vallensbæk,2015,15204,246651.0
187,Vallensbæk,2016,15419,246964.0
187,Vallensbæk,2017,15705,250019.0
187,Vallensbæk,2018,16280,255657.0
187,Vallensbæk,2019,16654,261347.0
187,Vallensbæk,2020,16633,275714.0
187,Vallensbæk,2021,16515,286490.0
187,Vallensbæk,2022,16488,282400.0
187,Vallensbæk,2023,17031,291164.0
187,Vallensbæk,2024,17800,298557.0
573,Varde,2008,50125,165340.0
573,Varde,2009,50475,168515.0
573,Varde,2010,50378,181714.0
573,Varde,2011,50351,188050.0
573,Varde,2012,50193,194046.0
573,Varde,2013,49969,203952.0
573,Varde,2014,49958,201421.0
573,Varde,2015,50122,205141.0
573,Varde,2016,50289,207071.0
573,Varde,2017,50452,215888.0
573,Varde,2018,50301,218754.0
573,Varde,2019,50129,227717.0
573,Varde,2020,49961,238710.0
573,Varde,2021,49628,250363.0
573,Varde,2022,49664,254229.0
573,Varde,2023,49995,259817.0
573,Varde,2024,49798,268401.0
575,Vejen,2008,42447,161476.0
575,Vejen,2009,42807,164464.0
575,Vejen,2010,42768,180183.0
575,Vejen,2011,42683,181892.0
575,Vejen,2012,42785,190281.0
575,Vejen,2013,42700,197106.0
575,Vejen,2014,42667,197406.0
575,Vejen,2015,42601,203630.0
575,Vejen,2016,42869,203869.0
575,Vejen,2017,42822,214071.0
575,Vejen,2018,42844,218332.0
575,Vejen,2019,42863,225825.0
575,Vejen,2020,42742,237078.0
575,Vejen,2021,42790,249003.0
575,Vejen,2022,42596,252968.0
575,Vejen,2023,42924,366280.0
575,Vejen,2024,42800,361047.0
630,Vejle,2008,104933,179578.0
630,Vejle,2009,105884,183456.0
630,Vejle,2010,106383,200481.0
630,Vejle,2011,107218,201780.0
630,Vejle,2012,108021,207287.0
630,Vejle,2013,108826,211774.0
630,Vejle,2014,109652,215397.0
630,Vejle,2015,110471,223679.0
630,Vejle,2016,111743,227036.0
630,Vejle,2017,113243,234900.0
630,Vejle,2018,114140,239626.0
630,Vejle,2019,114830,248846.0
630,Vejle,2020,115748,260325.0
630,Vejle,2021,116992,274271.0
630,Vejle,2022,119060,272949.0
630,Vejle,2023,120949,282591.0
630,Vejle,2024,121696,291272.0
820,Vesthimmerlands,2008,38277,156280.0
820,Vesthimmerlands,2009,38495,159386.0
820,Vesthimmerlands,2010,38106,170310.0
820,Vesthimmerlands,2011,37864,177831.0
820,Vesthimmerlands,2012,37534,182149.0
820,Vesthimmerlands,2013,37586,187954.0
820,Vesthimmerlands,2014,37479,189997.0
820,Vesthimmerlands,2015,37399,192756.0
820,Vesthimmerlands,2016,37296,196166.0
820,Vesthimmerlands,2017,37285,204308.0
820,Vesthimmerlands,2018,37277,208305.0
820,Vesthimmerlands,2019,37121,218261.0
820,Vesthimmerlands,2020,36727,226087.0
820,Vesthimmerlands,2021,36362,244219.0
820,Vesthimmerlands,2022,36326,245893.0
820,Vesthimmerlands,2023,36431,248423.0
820,Vesthimmerlands,2024,36012,253230.0
791,Viborg,2008,92084,170433.0
791,Viborg,2009,92823,176363.0
791,Viborg,2010,93310,191517.0
791,Viborg,2011,93498,194133.0
791,Viborg,2012,93819,198487.0
791,Viborg,2013,94333,205636.0
791,Viborg,2014,94486,207269.0
791,Viborg,2015,94985,212065.0
791,Viborg,2016,95776,215204.0
791,Viborg,2017,96477,223831.0
791,Viborg,2018,96883,229556.0
791,Viborg,2019,97113,235942.0
791,Viborg,2020,96921,246933.0
791,Viborg,2021,96679,257520.0
791,Viborg,2022,96847,259427.0
791,Viborg,2023,97731,261294.0
791,Viborg,2024,97472,268000.0
390,Vordingborg,2008,46600,161111.0
390,Vordingborg,2009,46551,165494.0
390,Vordingborg,2010,46319,179911.0
390,Vordingborg,2011,46170,181859.0
390,Vordingborg,2012,45804,186480.0
390,Vordingborg,2013,45465,192716.0
390,Vordingborg,2014,45295,196182.0
390,Vordingborg,2015,45471,200998.0
390,Vordingborg,2016,45806,201462.0
390,Vordingborg,2017,46037,206726.0
390,Vordingborg,2018,46087,212004.0
390,Vordingborg,2019,45816,217702.0
390,Vordingborg,2020,45566,230034.0
390,Vordingborg,2021,45268,239825.0
390,Vordingborg,2022,45352,246466.0
390,Vordingborg,2023,45441,247641.0
390,Vordingborg,2024,45751,253932.0
492,Ærø,2008,6712,162933.0
492,Ærø,2009,6698,164857.0
492,Ærø,2010,6679,174682.0
492,Ærø,2011,6663,174333.0
492,Ærø,2012,6636,179633.0
492,Ærø,2013,6527,180695.0
492,Ærø,2014,6393,188210.0
492,Ærø,2015,6276,188887.0
492,Ærø,2016,6290,195335.0
492,Ærø,2017,6177,197576.0
492,Ærø,2018,6178,201430.0
492,Ærø,2019,6058,207163.0
492,Ærø,2020,5964,216258.0
492,Ærø,2021,5960,224587.0
492,Ærø,2022,6025,223526.0
492,Ærø,2023,6008,229051.0
492,Ærø,2024,5960,235120.0
