Company,High Level Industry Sector,Low Level Industry Sector
29190658,"Public, Education and Health",Public administration and healthcare
365discount,Trade and Transport,Retail trade (Supermarkets)
A.P. Møller - Mærsk,Trade and Transport,Global shipping and logistics
Aalborg Kommune,"Public, Education and Health",Public administration
Aarhus Kommune,"Public, Education and Health",Public administration
AARHUS UNIVERSITET,"Public, Education and Health",Higher education
ACCENTURE,Information and Communication,IT and management consulting
AEVEN,Information and Communication,Digital infrastructure and IT operations
AL SYDBANK,Financial and Insurance,Banking
ALM. BRAND FORSIKRING,Financial and Insurance,Insurance
ARBEJDSMARKEDETS TILLÆGSPENSION,Financial and Insurance,Pension fund and public finance
ÅRHUS UNIVERSITETSHOSPITAL,"Public, Education and Health",Public healthcare and hospital
ARLA FOODS AMBA,Manufacturing,Dairy and food manufacturing
ASSENS KOMMUNE,"Public, Education and Health",Public administration
BEC FINANCIAL TECHNOLOGIES,Information and Communication,IT software for the financial sector
BESTSELLER,Trade and Transport,Fashion retail and wholesale
CARELINK GRUPPEN,"Public, Education and Health",Healthcare and social staffing
COMPASS GROUP DANMARK,Other Business,Catering and facility management
Coop Danmark,Trade and Transport,Retail trade (Supermarkets)
DAGROFA Aps,Trade and Transport,Wholesale and retail trade
DANFOSS,Manufacturing,Industrial and climate control tech
DANISH CROWN,Manufacturing,Meat processing and food production
Danmarks Tekniske Universitet,"Public, Education and Health",Higher education
DANSKE BANK,Financial and Insurance,Banking
Deloitte,Other Business,Accounting and management consultancy
DSB,Trade and Transport,Passenger rail transport
ESBJERG KOMMUNE,"Public, Education and Health",Public administration
EVERLLENCE,Manufacturing,Industrial equipment and energy tech
Falck Danmark,"Public, Education and Health",Rescue and healthcare services
Forbruger-Kontakt,Trade and Transport,Advertising distribution and logistics
FORENINGEN BANKDATA,Information and Communication,IT solutions for banking
Forsvaret,"Public, Education and Health",National defense
Forsvaret og Forsvarsministeriets Styrelser,"Public, Education and Health",National defense and administration
FREDENSBORG KOMMUNE,"Public, Education and Health",Public administration
FREDERIKSHAVN Kommune,"Public, Education and Health",Public administration
FUJIFILM Diosynth Biotechnologies Denmark,Manufacturing,Pharmaceuticals and biotech
GENTOFTE KOMMUNE,"Public, Education and Health",Public administration
GJENSIDIGE FORSIKRING,Financial and Insurance,Insurance
GULDBORGSUND Kommune,"Public, Education and Health",Public administration
H. LUNDBECK,Manufacturing,Pharmaceuticals
HANDICAPFORMIDLINGEN,"Public, Education and Health",Social care and citizen support
HERNING Kommune,"Public, Education and Health",Public administration
HOLSTEBRO Kommune,"Public, Education and Health",Public administration
Horsens Kommune,"Public, Education and Health",Public administration
IF SKADEFORSIKRING,Financial and Insurance,Insurance
ISS FACILITY SERVICES,Other Business,Facility management and cleaning
ITM8,Information and Communication,IT services and digital transformation
JKS,Other Business,Temp agency and recruitment
JYSKE BANK,Financial and Insurance,Banking
KEMP & LAURITZEN,Other Business,Technical installation and construction
KMD,Information and Communication,IT consulting and software development
KØBENHAVNS KOMMUNE,"Public, Education and Health",Public administration
KØBENHAVNS UNIVERSITET,"Public, Education and Health",Higher education
KØGE KOMMUNE,"Public, Education and Health",Public administration
KOLDING Kommune,"Public, Education and Health",Public administration
Lagkagehuset,Trade and Transport,Bakery retail
LB FORSIKRING,Financial and Insurance,Insurance
LEGO SYSTEM,Manufacturing,Toy manufacturing
Lidl Danmark K/S,Trade and Transport,Retail trade (Supermarkets)
LOLLAND KOMMUNE,"Public, Education and Health",Public administration
Lyngby-Taarbæk Kommune,"Public, Education and Health",Public administration
Maersk,Trade and Transport,Global shipping and logistics
MOMENT,Other Business,Temp agency and recruitment
NETCOMPANY,Information and Communication,IT consulting and software development
NETS DENMARK,Financial and Insurance,Financial technology and payments
Nordea Bank,Financial and Insurance,Banking
NORDEA DANMARK,Financial and Insurance,Banking
NORLYS DIGITAL,Information and Communication,Digital infrastructure and telecom
NORLYS MOBILE,Information and Communication,Telecommunications
NORMAL,Trade and Transport,Retail trade
Novo Nordisk,Manufacturing,Pharmaceuticals
NOVOZYMES,Manufacturing,Biosolutions and chemical manufacturing
NUUDAY,Information and Communication,Telecommunications
NYKREDIT BANK,Financial and Insurance,Banking and mortgage credit
ODENSE Kommune,"Public, Education and Health",Public administration
PFA PENSION,Financial and Insurance,Pension fund
Post Danmark,Trade and Transport,Postal and courier activities
RAMBØLL DANMARK,Other Business,Engineering and management consultancy
Region Hovedstaden,"Public, Education and Health",Public administration and healthcare
REGION MIDTJYLLAND,"Public, Education and Health",Public administration and healthcare
REGION NORDJYLLAND,"Public, Education and Health",Public administration and healthcare
REGION SYDDANMARK,"Public, Education and Health",Public administration and healthcare
RIGSHOSPITALET,"Public, Education and Health",Public healthcare and hospital
Rigspolitiet,"Public, Education and Health",Law enforcement
Salling Group,Trade and Transport,Retail trade (Supermarkets)
SAXO BANK,Financial and Insurance,Banking and investment
SIEMENS GAMESA RENEWABLE ENERGY,Manufacturing,Wind turbine manufacturing
SILKEBORG Kommune,"Public, Education and Health",Public administration
SKANDERBORG Kommune,"Public, Education and Health",Public administration
SPAREKASSEN DANMARK,Financial and Insurance,Banking
SPAREKASSEN KRONJYLLAND,Financial and Insurance,Banking
SVENDBORG KOMMUNE,"Public, Education and Health",Public administration
SYSTEMATIC,Information and Communication,Software development
TDC BRANDS,Information and Communication,Telecommunications
TELENOR,Information and Communication,Telecommunications
TERMA,Manufacturing,Aerospace and defense manufacturing
THISTED KOMMUNE,"Public, Education and Health",Public administration
TRYG FORSIKRING,Financial and Insurance,Insurance
VEJLE KOMMUNE,"Public, Education and Health",Public administration
VESTAS MANUFACTURING,Manufacturing,Wind turbine manufacturing
VESTAS WIND SYSTEMS,Manufacturing,Wind turbine manufacturing
Wolt Denmark,Trade and Transport,Food delivery and logistics
