KommuneCode,year,openings,closings,active,net_change,KommuneName,population,average_income
0101,2008,21,10,222,11,København,509861,246634.1
0101,2009,13,3,232,10,København,518574,250344.5
0101,2010,50,17,265,33,København,528208,263257.2
0101,2011,66,26,305,40,København,539542,263427.8
0101,2012,19,10,314,9,København,549050,263061.6
0101,2013,20,86,248,-66,København,559440,268605.7
0101,2014,25,23,250,2,København,569557,275524.3
0101,2015,23,11,262,12,København,580184,282878.1
0101,2016,32,19,275,13,København,591481,289977.1
0101,2017,27,19,283,8,København,602481,294663.1
0101,2018,28,11,300,17,København,613288,302578.6
0101,2019,24,7,317,17,København,623404,311674.7
0101,2020,19,15,321,4,København,632340,325782.5
0101,2021,25,15,331,10,København,638117,340326.9
0101,2022,30,20,341,10,København,644431,316471.1
0101,2023,23,16,348,7,København,653664,324292.5
0101,2024,47,12,383,35,København,659350,340949.1
0147,2008,3,3,40,0,Frederiksberg,93444,289940.7
0147,2009,0,0,40,0,Frederiksberg,95029,294697.3
0147,2010,5,2,43,3,Frederiksberg,96718,318669.4
0147,2011,17,1,59,16,Frederiksberg,98782,317671.5
0147,2012,4,8,55,-4,Frederiksberg,100215,319518.4
0147,2013,2,26,31,-24,Frederiksberg,102029,328061.3
0147,2014,2,0,33,2,Frederiksberg,102717,336489.9
0147,2015,3,2,34,1,Frederiksberg,103192,345971.0
0147,2016,1,3,32,-2,Frederiksberg,104481,353643.6
0147,2017,4,1,35,3,Frederiksberg,105037,362596.7
0147,2018,2,0,37,2,Frederiksberg,104410,372249.9
0147,2019,5,0,42,5,Frederiksberg,103960,383190.5
0147,2020,3,2,43,1,Frederiksberg,104305,402694.9
0147,2021,3,0,46,3,Frederiksberg,103677,420807.2
0147,2022,2,1,47,1,Frederiksberg,103608,384198.3
0147,2023,3,4,46,-1,Frederiksberg,104664,390387.4
0147,2024,3,0,49,3,Frederiksberg,104899,404647.2
0151,2008,3,1,20,2,Ballerup,47116,281885.8
0151,2009,2,0,22,2,Ballerup,47398,279062.9
0151,2010,3,1,24,2,Ballerup,47652,294624.5
0151,2011,3,3,24,0,Ballerup,47930,294506.6
0151,2012,3,2,25,1,Ballerup,47994,293335.9
0151,2013,4,2,27,2,Ballerup,48211,296909.2
0151,2014,1,2,26,-1,Ballerup,48514,308056.1
0151,2015,2,5,23,-3,Ballerup,48355,311163.3
0151,2016,3,1,25,2,Ballerup,48224,314741.4
0151,2017,3,1,27,2,Ballerup,48231,318346.2
0151,2018,5,0,32,5,Ballerup,48295,322999.9
0151,2019,6,2,36,4,Ballerup,48458,328976.0
0151,2020,4,0,40,4,Ballerup,48602,341703.0
0151,2021,10,5,45,5,Ballerup,49310,349139.9
0151,2022,4,4,45,0,Ballerup,49274,325061.3
0151,2023,7,1,51,6,Ballerup,50039,330295.3
0151,2024,6,1,56,5,Ballerup,51237,334083.8
0153,2008,1,1,3,0,Brøndby,33831,259824.2
0153,2009,1,1,3,0,Brøndby,33762,258143.6
0153,2010,0,0,3,0,Brøndby,33795,268662.0
0153,2011,1,0,4,1,Brøndby,34021,266444.5
0153,2012,1,1,4,0,Brøndby,34084,263470.3
0153,2013,5,0,9,5,Brøndby,34210,265236.5
0153,2014,2,5,6,-3,Brøndby,34580,268244.7
0153,2015,1,0,7,1,Brøndby,35050,271490.7
0153,2016,0,2,5,-2,Brøndby,35322,276114.5
0153,2017,1,0,6,1,Brøndby,35594,277198.8
0153,2018,0,1,5,-1,Brøndby,35538,283012.7
0153,2019,1,0,6,1,Brøndby,35397,286361.3
0153,2020,0,2,4,-2,Brøndby,35090,298135.2
0153,2021,2,0,6,2,Brøndby,35232,302928.9
0153,2022,1,0,7,1,Brøndby,35651,283230.4
0153,2023,2,0,9,2,Brøndby,37128,283031.0
0153,2024,2,0,11,2,Brøndby,39067,289680.8
0155,2008,0,0,2,0,Dragør,13261,342500.5
0155,2009,0,0,2,0,Dragør,13411,334669.1
0155,2010,0,0,2,0,Dragør,13564,368115.7
0155,2011,1,1,2,0,Dragør,13717,385425.6
0155,2012,0,0,2,0,Dragør,13692,381605.5
0155,2013,0,0,2,0,Dragør,13917,389856.7
0155,2014,0,0,2,0,Dragør,13977,400136.2
0155,2015,0,0,2,0,Dragør,14028,410230.1
0155,2016,0,0,2,0,Dragør,14142,417517.7
0155,2017,0,1,1,-1,Dragør,14288,425056.8
0155,2018,0,0,1,0,Dragør,14272,431990.6
0155,2019,0,1,0,-1,Dragør,14270,441682.1
0155,2020,0,0,0,0,Dragør,14494,454393.7
0155,2021,2,0,2,2,Dragør,14569,471199.0
0155,2022,1,0,3,1,Dragør,14640,438376.8
0155,2023,1,0,4,1,Dragør,14609,446642.4
0155,2024,1,0,5,1,Dragør,14569,449386.2
0157,2008,5,1,32,4,Gentofte,68913,425247.1
0157,2009,3,3,32,0,Gentofte,69794,413673.2
0157,2010,3,1,34,2,Gentofte,71052,481868.8
0157,2011,0,1,33,-1,Gentofte,71714,496744.7
0157,2012,3,0,36,3,Gentofte,72814,503297.3
0157,2013,4,8,32,-4,Gentofte,73360,521814.7
0157,2014,3,3,32,0,Gentofte,74282,541606.7
0157,2015,0,1,31,-1,Gentofte,74932,606783.4
0157,2016,3,1,33,2,Gentofte,75350,586386.1
0157,2017,2,1,34,1,Gentofte,75805,591836.7
0157,2018,1,1,34,0,Gentofte,75803,597101.2
0157,2019,0,1,33,-1,Gentofte,75176,644627.1
0157,2020,1,0,34,1,Gentofte,74830,643299.7
0157,2021,7,6,35,1,Gentofte,74550,720210.7
0157,2022,1,1,35,0,Gentofte,74217,651998.7
0157,2023,5,2,38,3,Gentofte,74838,721661.3
0157,2024,0,0,38,0,Gentofte,75033,691040.2
0159,2008,2,1,19,1,Gladsaxe,62562,289424.4
0159,2009,5,0,24,5,Gladsaxe,63233,287651.0
0159,2010,2,1,25,1,Gladsaxe,64102,307654.7
0159,2011,1,0,26,1,Gladsaxe,64951,308266.9
0159,2012,17,1,42,16,Gladsaxe,65303,306461.4
0159,2013,0,5,37,-5,Gladsaxe,66030,313728.8
0159,2014,4,1,40,3,Gladsaxe,66656,320700.5
0159,2015,2,0,42,2,Gladsaxe,67347,326612.3
0159,2016,4,1,45,3,Gladsaxe,67914,330865.1
0159,2017,1,5,41,-4,Gladsaxe,68775,336245.5
0159,2018,1,1,41,0,Gladsaxe,69484,340543.1
0159,2019,2,0,43,2,Gladsaxe,69681,348842.8
0159,2020,3,0,46,3,Gladsaxe,69262,367581.5
0159,2021,20,12,54,8,Gladsaxe,69200,376325.5
0159,2022,2,3,53,-1,Gladsaxe,69259,349992.6
0159,2023,4,1,56,3,Gladsaxe,70001,357703.6
0159,2024,5,1,60,4,Gladsaxe,70600,364448.7
0161,2008,3,2,9,1,Glostrup,20673,281813.7
0161,2009,0,0,9,0,Glostrup,21008,282392.2
0161,2010,1,0,10,1,Glostrup,21296,297649.4
0161,2011,3,1,12,2,Glostrup,21384,292588.7
0161,2012,0,0,12,0,Glostrup,21650,288413.7
0161,2013,0,0,12,0,Glostrup,21869,294200.8
0161,2014,0,1,11,-1,Glostrup,22066,296607.2
0161,2015,3,0,14,3,Glostrup,22357,303651.7
0161,2016,2,0,16,2,Glostrup,22461,306253.0
0161,2017,0,1,15,-1,Glostrup,22528,310019.2
0161,2018,0,1,14,-1,Glostrup,22663,314935.6
0161,2019,3,0,17,3,Glostrup,22615,320442.4
0161,2020,1,1,17,0,Glostrup,23128,334753.8
0161,2021,1,3,15,-2,Glostrup,23380,343464.5
0161,2022,0,0,15,0,Glostrup,23514,319129.2
0161,2023,0,1,14,-1,Glostrup,23635,319203.6
0161,2024,0,0,14,0,Glostrup,23655,326801.1
0163,2008,1,1,5,0,Herlev,26567,280652.7
0163,2009,0,0,5,0,Herlev,26635,280944.5
0163,2010,1,1,5,0,Herlev,26556,296087.9
0163,2011,1,2,4,-1,Herlev,26597,293923.0
0163,2012,1,0,5,1,Herlev,26608,292509.4
0163,2013,0,0,5,0,Herlev,26958,297064.5
0163,2014,1,1,5,0,Herlev,27706,299841.2
0163,2015,3,1,7,2,Herlev,28148,305299.7
0163,2016,0,1,6,-1,Herlev,28423,310884.9
0163,2017,1,1,6,0,Herlev,28406,311702.4
0163,2018,0,1,5,-1,Herlev,28572,319731.8
0163,2019,1,0,6,1,Herlev,28786,324709.4
0163,2020,0,0,6,0,Herlev,28953,344531.8
0163,2021,0,0,6,0,Herlev,28913,348955.4
0163,2022,0,0,6,0,Herlev,28867,323203.4
0163,2023,1,0,7,1,Herlev,29215,329541.6
0163,2024,0,0,7,0,Herlev,29876,340524.7
0165,2008,1,0,10,1,Albertslund,27602,255973.1
0165,2009,0,3,7,-3,Albertslund,27706,259236.8
0165,2010,0,0,7,0,Albertslund,27730,269876.3
0165,2011,1,0,8,1,Albertslund,27800,261674.4
0165,2012,0,0,8,0,Albertslund,27864,261780.4
0165,2013,0,4,4,-4,Albertslund,27824,261728.5
0165,2014,0,0,4,0,Albertslund,27728,266933.4
0165,2015,1,0,5,1,Albertslund,27806,271176.5
0165,2016,1,0,6,1,Albertslund,27880,275347.4
0165,2017,0,0,6,0,Albertslund,27896,276171.6
0165,2018,0,0,6,0,Albertslund,27743,281472.4
0165,2019,4,0,10,4,Albertslund,27877,284100.7
0165,2020,2,0,12,2,Albertslund,27731,295906.2
0165,2021,0,3,9,-3,Albertslund,27366,302791.5
0165,2022,1,0,10,1,Albertslund,27599,282918.7
0165,2023,2,2,10,0,Albertslund,27530,285319.6
0165,2024,2,0,12,2,Albertslund,27677,290110.6
0167,2008,3,2,11,1,Hvidovre,49380,273057.9
0167,2009,2,1,12,1,Hvidovre,49366,271101.5
0167,2010,2,0,14,2,Hvidovre,49724,286580.5
0167,2011,2,0,16,2,Hvidovre,50081,284242.8
0167,2012,1,1,16,0,Hvidovre,50600,283127.0
0167,2013,0,3,13,-3,Hvidovre,51341,286724.1
0167,2014,0,2,11,-2,Hvidovre,51842,292944.7
0167,2015,0,0,11,0,Hvidovre,52380,296664.3
0167,2016,2,0,13,2,Hvidovre,52831,302120.3
0167,2017,3,1,15,2,Hvidovre,52964,304776.0
0167,2018,1,0,16,1,Hvidovre,53282,311413.3
0167,2019,0,0,16,0,Hvidovre,53416,318324.4
0167,2020,0,0,16,0,Hvidovre,53527,331280.0
0167,2021,0,0,16,0,Hvidovre,53451,339941.3
0167,2022,1,1,16,0,Hvidovre,53267,318444.9
0167,2023,0,0,16,0,Hvidovre,53443,322050.1
0167,2024,1,0,17,1,Hvidovre,53760,333460.5
0169,2008,6,1,20,5,Høje-Taastrup,47158,277915.5
0169,2009,0,0,20,0,Høje-Taastrup,47400,276160.6
0169,2010,2,1,21,1,Høje-Taastrup,47664,287721.6
0169,2011,2,0,23,2,Høje-Taastrup,47753,285104.6
0169,2012,3,1,25,2,Høje-Taastrup,48081,282311.8
0169,2013,2,1,26,1,Høje-Taastrup,48471,285810.0
0169,2014,5,2,29,3,Høje-Taastrup,48807,289484.1
0169,2015,4,0,33,4,Høje-Taastrup,49230,292979.0
0169,2016,1,2,32,-1,Høje-Taastrup,49960,297221.7
0169,2017,2,2,32,0,Høje-Taastrup,50246,301450.2
0169,2018,1,1,32,0,Høje-Taastrup,50596,304724.5
0169,2019,6,2,36,4,Høje-Taastrup,50686,310570.4
0169,2020,1,0,37,1,Høje-Taastrup,50759,320975.3
0169,2021,4,2,39,2,Høje-Taastrup,51729,327950.6
0169,2022,6,2,43,4,Høje-Taastrup,53053,303555.6
0169,2023,2,3,42,-1,Høje-Taastrup,55258,305263.7
0169,2024,9,4,47,5,Høje-Taastrup,57540,311799.3
0173,2008,3,2,39,1,Lyngby-Taarbæk,51449,349429.4
0173,2009,4,1,42,3,Lyngby-Taarbæk,51532,339792.9
0173,2010,4,4,42,0,Lyngby-Taarbæk,52237,381811.8
0173,2011,3,3,42,0,Lyngby-Taarbæk,52754,384134.1
0173,2012,11,2,51,9,Lyngby-Taarbæk,53251,386703.5
0173,2013,2,6,47,-4,Lyngby-Taarbæk,53840,400589.3
0173,2014,2,28,21,-26,Lyngby-Taarbæk,54237,421702.8
0173,2015,3,0,24,3,Lyngby-Taarbæk,54778,446838.4
0173,2016,6,1,29,5,Lyngby-Taarbæk,55097,434419.3
0173,2017,4,1,32,3,Lyngby-Taarbæk,55240,436769.6
0173,2018,0,1,31,-1,Lyngby-Taarbæk,55472,443498.9
0173,2019,5,2,34,3,Lyngby-Taarbæk,55790,458758.0
0173,2020,2,2,34,0,Lyngby-Taarbæk,56214,475154.2
0173,2021,1,0,35,1,Lyngby-Taarbæk,56614,505845.5
0173,2022,2,0,37,2,Lyngby-Taarbæk,57826,454401.6
0173,2023,3,2,38,1,Lyngby-Taarbæk,58434,484206.0
0173,2024,4,2,40,2,Lyngby-Taarbæk,58538,481378.0
0175,2008,0,0,8,0,Rødovre,36144,273817.5
0175,2009,0,0,8,0,Rødovre,36228,269408.9
0175,2010,2,2,8,0,Rødovre,36233,282388.5
0175,2011,0,0,8,0,Rødovre,36524,282301.7
0175,2012,1,1,8,0,Rødovre,36883,280870.9
0175,2013,0,0,8,0,Rødovre,37351,285962.2
0175,2014,0,1,7,-1,Rødovre,37552,291486.9
0175,2015,0,0,7,0,Rødovre,37743,298369.5
0175,2016,3,1,9,2,Rødovre,38002,303543.2
0175,2017,0,1,8,-1,Rødovre,38492,307550.8
0175,2018,1,0,9,1,Rødovre,39343,312712.1
0175,2019,1,1,9,0,Rødovre,40052,316910.0
0175,2020,0,0,9,0,Rødovre,40652,333111.9
0175,2021,0,0,9,0,Rødovre,41113,340339.1
0175,2022,2,0,11,2,Rødovre,41382,316536.8
0175,2023,1,1,11,0,Rødovre,42563,320557.6
0175,2024,2,0,13,2,Rødovre,44328,328449.8
0183,2008,1,0,5,1,Ishøj,20687,255199.3
0183,2009,0,0,5,0,Ishøj,20756,251825.7
0183,2010,1,0,6,1,Ishøj,20606,263194.2
0183,2011,1,0,7,1,Ishøj,20797,259856.9
0183,2012,0,0,7,0,Ishøj,21087,258566.1
0183,2013,0,0,7,0,Ishøj,21131,260909.2
0183,2014,0,1,6,-1,Ishøj,21547,262005.7
0183,2015,0,0,6,0,Ishøj,22025,265700.6
0183,2016,1,0,7,1,Ishøj,22358,268701.1
0183,2017,0,1,6,-1,Ishøj,22719,271292.0
0183,2018,1,0,7,1,Ishøj,22988,275168.5
0183,2019,0,0,7,0,Ishøj,22946,279370.0
0183,2020,0,0,7,0,Ishøj,22989,291443.7
0183,2021,1,1,7,0,Ishøj,23131,298899.1
0183,2022,0,0,7,0,Ishøj,23225,280003.3
0183,2023,0,0,7,0,Ishøj,23457,282937.7
0183,2024,0,0,7,0,Ishøj,23663,287545.6
0185,2008,1,0,7,1,Tårnby,40016,286205.4
0185,2009,0,0,7,0,Tårnby,40214,287698.4
0185,2010,2,0,9,2,Tårnby,40383,302961.4
0185,2011,1,0,10,1,Tårnby,40835,304235.1
0185,2012,0,0,10,0,Tårnby,41151,301251.8
0185,2013,2,1,11,1,Tårnby,41572,306335.4
0185,2014,1,1,11,0,Tårnby,41992,311900.6
0185,2015,1,0,12,1,Tårnby,42573,317123.2
0185,2016,2,0,14,2,Tårnby,42860,323411.4
0185,2017,2,0,16,2,Tårnby,43010,328355.1
0185,2018,0,1,15,-1,Tårnby,43063,334787.9
0185,2019,2,0,17,2,Tårnby,42984,340871.9
0185,2020,0,2,15,-2,Tårnby,42989,357015.4
0185,2021,2,1,16,1,Tårnby,42670,364640.9
0185,2022,0,1,15,-1,Tårnby,42723,341185.3
0185,2023,0,0,15,0,Tårnby,43042,346768.2
0185,2024,1,1,15,0,Tårnby,43915,353059.7
0187,2008,0,0,1,0,Vallensbæk,12399,313999.1
0187,2009,1,0,2,1,Vallensbæk,13365,311085.0
0187,2010,1,0,3,1,Vallensbæk,14045,331495.5
0187,2011,0,0,3,0,Vallensbæk,14445,326372.4
0187,2012,0,0,3,0,Vallensbæk,14565,325907.9
0187,2013,1,0,4,1,Vallensbæk,14797,330419.0
0187,2014,0,0,4,0,Vallensbæk,15095,342215.6
0187,2015,1,1,4,0,Vallensbæk,15204,342642.9
0187,2016,0,0,4,0,Vallensbæk,15419,341936.1
0187,2017,3,1,6,2,Vallensbæk,15705,341993.3
0187,2018,0,0,6,0,Vallensbæk,16280,345491.9
0187,2019,0,0,6,0,Vallensbæk,16654,350716.8
0187,2020,0,0,6,0,Vallensbæk,16633,368421.1
0187,2021,0,0,6,0,Vallensbæk,16515,375275.0
0187,2022,1,0,7,1,Vallensbæk,16488,344205.5
0187,2023,0,0,7,0,Vallensbæk,17031,342322.6
0187,2024,0,0,7,0,Vallensbæk,17800,347116.4
0190,2008,2,2,13,0,Furesø,37667,342199.0
0190,2009,0,0,13,0,Furesø,37864,338620.3
0190,2010,1,0,14,1,Furesø,38232,373497.4
0190,2011,0,1,13,-1,Furesø,38286,373406.2
0190,2012,0,1,12,-1,Furesø,38243,379720.0
0190,2013,1,0,13,1,Furesø,38236,391016.4
0190,2014,0,2,11,-2,Furesø,38492,401579.2
0190,2015,0,0,11,0,Furesø,39077,402560.2
0190,2016,7,0,18,7,Furesø,40156,412901.3
0190,2017,0,2,16,-2,Furesø,40613,419718.4
0190,2018,0,0,16,0,Furesø,40911,426441.6
0190,2019,1,0,17,1,Furesø,41069,437168.2
0190,2020,0,0,17,0,Furesø,40965,448493.3
0190,2021,0,0,17,0,Furesø,41001,463840.4
0190,2022,0,0,17,0,Furesø,41402,426014.8
0190,2023,1,1,17,0,Furesø,42077,437332.4
0190,2024,0,1,16,-1,Furesø,42533,439658.2
0201,2008,1,0,10,1,Allerød,23493,343580.5
0201,2009,1,0,11,1,Allerød,23821,344416.9
0201,2010,0,0,11,0,Allerød,24089,379117.8
0201,2011,0,1,10,-1,Allerød,24096,383899.8
0201,2012,4,1,13,3,Allerød,24043,383070.8
0201,2013,1,1,13,0,Allerød,24073,391544.3
0201,2014,1,1,13,0,Allerød,24175,400922.2
0201,2015,0,2,11,-2,Allerød,24411,410387.8
0201,2016,0,0,11,0,Allerød,24732,415795.7
0201,2017,3,0,14,3,Allerød,24942,421416.3
0201,2018,3,0,17,3,Allerød,25235,425306.2
0201,2019,0,1,16,-1,Allerød,25646,440449.8
0201,2020,0,0,16,0,Allerød,25633,449249.4
0201,2021,1,2,15,-1,Allerød,25893,464725.0
0201,2022,3,2,16,1,Allerød,25867,430858.8
0201,2023,1,1,16,0,Allerød,26061,426877.8
0201,2024,4,0,20,4,Allerød,25962,433738.7
0210,2008,1,0,11,1,Fredensborg,39240,323559.6
0210,2009,0,1,10,-1,Fredensborg,39254,316920.5
0210,2010,0,3,7,-3,Fredensborg,39226,345974.4
0210,2011,0,1,6,-1,Fredensborg,39341,343818.1
0210,2012,0,0,6,0,Fredensborg,39565,344914.1
0210,2013,1,1,6,0,Fredensborg,39462,354864.9
0210,2014,0,0,6,0,Fredensborg,39585,362105.9
0210,2015,2,0,8,2,Fredensborg,39772,375500.3
0210,2016,0,0,8,0,Fredensborg,40112,378213.7
0210,2017,1,1,8,0,Fredensborg,40504,378633.8
0210,2018,1,3,6,-2,Fredensborg,40779,386415.3
0210,2019,1,0,7,1,Fredensborg,40819,396911.9
0210,2020,0,0,7,0,Fredensborg,40865,406617.6
0210,2021,0,1,6,-1,Fredensborg,40998,426938.4
0210,2022,1,0,7,1,Fredensborg,41211,381160.3
0210,2023,1,1,7,0,Fredensborg,41689,390057.0
0210,2024,1,0,8,1,Fredensborg,42009,401957.2
0217,2008,2,3,15,-1,Helsingør,60844,292383.0
0217,2009,0,0,15,0,Helsingør,61053,286596.5
0217,2010,1,1,15,0,Helsingør,61143,309371.9
0217,2011,3,1,17,2,Helsingør,61368,309328.6
0217,2012,0,0,17,0,Helsingør,61493,310560.7
0217,2013,2,2,17,0,Helsingør,61613,322638.9
0217,2014,0,0,17,0,Helsingør,61519,328107.8
0217,2015,4,0,21,4,Helsingør,61632,336785.5
0217,2016,0,0,21,0,Helsingør,62092,340154.3
0217,2017,0,0,21,0,Helsingør,62443,344301.6
0217,2018,1,6,16,-5,Helsingør,62686,349922.9
0217,2019,3,0,19,3,Helsingør,62567,358350.1
0217,2020,3,1,21,2,Helsingør,62695,376187.8
0217,2021,0,0,21,0,Helsingør,63000,390272.1
0217,2022,1,1,21,0,Helsingør,62875,355765.5
0217,2023,3,0,24,3,Helsingør,63399,358509.3
0217,2024,2,0,26,2,Helsingør,63838,365694.8
0219,2008,2,0,16,2,Hillerød,46568,307109.0
0219,2009,2,1,17,1,Hillerød,47081,302928.4
0219,2010,4,1,20,3,Hillerød,47473,328401.4
0219,2011,3,3,20,0,Hillerød,47916,324756.2
0219,2012,4,0,24,4,Hillerød,48203,327597.2
0219,2013,0,4,20,-4,Hillerød,48315,333370.0
0219,2014,2,0,22,2,Hillerød,48695,339870.8
0219,2015,1,0,23,1,Hillerød,49108,351331.7
0219,2016,0,1,22,-1,Hillerød,49672,353471.7
0219,2017,1,0,23,1,Hillerød,50109,356436.9
0219,2018,2,1,24,1,Hillerød,50650,361429.7
0219,2019,4,1,27,3,Hillerød,50998,368854.7
0219,2020,2,1,28,1,Hillerød,51183,383521.7
0219,2021,13,2,39,11,Hillerød,51528,393072.7
0219,2022,5,0,44,5,Hillerød,53257,362903.9
0219,2023,1,1,44,0,Hillerød,54159,365438.6
0219,2024,4,0,48,4,Hillerød,54422,378357.7
0223,2008,2,2,8,0,Hørsholm,24197,402070.5
0223,2009,0,0,8,0,Hørsholm,24310,384835.7
0223,2010,0,2,6,-2,Hørsholm,24378,457944.1
0223,2011,1,1,6,0,Hørsholm,24415,463402.7
0223,2012,2,1,7,1,Hørsholm,24365,467216.4
0223,2013,0,1,6,-1,Hørsholm,24543,483190.7
0223,2014,2,0,8,2,Hørsholm,24709,489188.6
0223,2015,2,0,10,2,Hørsholm,24856,508518.6
0223,2016,2,2,10,0,Hørsholm,24965,512523.3
0223,2017,1,1,10,0,Hørsholm,24977,533222.6
0223,2018,0,1,9,-1,Hørsholm,25028,524363.2
0223,2019,0,0,9,0,Hørsholm,25007,540904.8
0223,2020,1,0,10,1,Hørsholm,24864,580678.6
0223,2021,0,0,10,0,Hørsholm,24917,589462.3
0223,2022,0,0,10,0,Hørsholm,24761,541817.6
0223,2023,2,0,12,2,Hørsholm,24715,537707.2
0223,2024,1,0,13,1,Hørsholm,24811,546494.9
0230,2008,2,1,12,1,Rudersdal,53869,414609.6
0230,2009,0,0,12,0,Rudersdal,53915,389862.0
0230,2010,2,1,13,1,Rudersdal,54444,463830.1
0230,2011,3,2,14,1,Rudersdal,54765,465823.3
0230,2012,0,1,13,-1,Rudersdal,54630,482294.2
0230,2013,2,0,15,2,Rudersdal,54827,504232.6
0230,2014,2,1,16,1,Rudersdal,55034,525104.8
0230,2015,1,2,15,-1,Rudersdal,55441,537632.4
0230,2016,2,1,16,1,Rudersdal,55739,571282.3
0230,2017,2,1,17,1,Rudersdal,56133,567529.4
0230,2018,3,0,20,3,Rudersdal,55989,568767.1
0230,2019,3,3,20,0,Rudersdal,56509,601698.6
0230,2020,1,1,20,0,Rudersdal,56728,610369.6
0230,2021,2,0,22,2,Rudersdal,57024,659731.3
0230,2022,3,1,24,2,Rudersdal,57247,583642.6
0230,2023,2,1,25,1,Rudersdal,57193,605742.0
0230,2024,2,1,26,1,Rudersdal,57237,632935.0
0240,2008,0,0,10,0,Egedal,40533,322460.3
0240,2009,0,0,10,0,Egedal,41031,316460.7
0240,2010,0,0,10,0,Egedal,41513,343596.3
0240,2011,1,0,11,1,Egedal,41614,341081.8
0240,2012,0,0,11,0,Egedal,41821,340349.6
0240,2013,0,1,10,-1,Egedal,42018,349518.5
0240,2014,0,2,8,-2,Egedal,42210,354096.4
0240,2015,0,0,8,0,Egedal,42573,363026.0
0240,2016,1,0,9,1,Egedal,42773,366471.1
0240,2017,0,0,9,0,Egedal,43082,374425.2
0240,2018,0,1,8,-1,Egedal,43000,380830.0
0240,2019,0,0,8,0,Egedal,43335,381731.3
0240,2020,0,0,8,0,Egedal,43354,397712.3
0240,2021,1,0,9,1,Egedal,43696,409946.4
0240,2022,1,0,10,1,Egedal,44375,373446.5
0240,2023,1,0,11,1,Egedal,45202,380477.0
0240,2024,0,1,10,-1,Egedal,45532,379831.0
0250,2008,4,0,15,4,Frederikssund,44102,290176.5
0250,2009,0,0,15,0,Frederikssund,44246,287960.6
0250,2010,1,1,15,0,Frederikssund,44182,303775.6
0250,2011,3,2,16,1,Frederikssund,44307,301584.8
0250,2012,1,0,17,1,Frederikssund,44345,301453.8
0250,2013,0,4,13,-4,Frederikssund,44365,308880.4
0250,2014,0,1,12,-1,Frederikssund,44401,314465.3
0250,2015,2,0,14,2,Frederikssund,44413,320102.6
0250,2016,1,2,13,-1,Frederikssund,44725,325866.8
0250,2017,1,0,14,1,Frederikssund,45036,328023.8
0250,2018,2,0,16,2,Frederikssund,45189,334691.5
0250,2019,1,1,16,0,Frederikssund,45332,339532.9
0250,2020,0,0,16,0,Frederikssund,45223,354770.9
0250,2021,0,1,15,-1,Frederikssund,45439,362150.9
0250,2022,1,3,13,-2,Frederikssund,45800,338674.1
0250,2023,3,0,16,3,Frederikssund,46117,338297.2
0250,2024,1,1,16,0,Frederikssund,46358,338752.4
0253,2008,1,1,10,0,Greve,47773,316616.9
0253,2009,1,0,11,1,Greve,47951,304483.2
0253,2010,1,0,12,1,Greve,47826,327047.0
0253,2011,2,0,14,2,Greve,47978,327744.7
0253,2012,0,0,14,0,Greve,47942,327135.9
0253,2013,0,2,12,-2,Greve,47980,334525.2
0253,2014,1,2,11,-1,Greve,48095,340816.4
0253,2015,1,1,11,0,Greve,48835,344305.4
0253,2016,1,1,11,0,Greve,49518,348877.3
0253,2017,2,0,13,2,Greve,49921,354219.1
0253,2018,0,0,13,0,Greve,49974,359011.2
0253,2019,3,1,15,2,Greve,50267,363367.7
0253,2020,1,0,16,1,Greve,50558,377951.7
0253,2021,0,0,16,0,Greve,50514,385083.2
0253,2022,2,0,18,2,Greve,50818,355711.2
0253,2023,0,1,17,-1,Greve,51507,360961.5
0253,2024,0,1,16,-1,Greve,52157,364338.8
0259,2008,1,1,14,0,Køge,56637,283861.9
0259,2009,2,1,15,1,Køge,56848,281132.8
0259,2010,2,1,16,1,Køge,57125,298119.6
0259,2011,0,2,14,-2,Køge,57271,294692.7
0259,2012,3,2,15,1,Køge,57307,294331.0
0259,2013,2,2,15,0,Køge,57771,299308.9
0259,2014,1,1,15,0,Køge,58374,306414.1
0259,2015,1,1,15,0,Køge,59285,311098.1
0259,2016,3,0,18,3,Køge,59868,314771.0
0259,2017,1,0,19,1,Køge,60109,320464.3
0259,2018,2,2,19,0,Køge,60356,326028.3
0259,2019,4,1,22,3,Køge,60675,332779.9
0259,2020,2,2,22,0,Køge,60979,349919.3
0259,2021,1,2,21,-1,Køge,61475,356104.1
0259,2022,1,0,22,1,Køge,61718,331565.0
0259,2023,4,1,25,3,Køge,62458,333059.7
0259,2024,1,1,25,0,Køge,62848,344956.3
0260,2008,0,1,5,-1,Halsnæs,30824,273039.7
0260,2009,0,0,5,0,Halsnæs,31013,266818.8
0260,2010,1,0,6,1,Halsnæs,31077,281660.7
0260,2011,0,0,6,0,Halsnæs,31056,277439.0
0260,2012,0,0,6,0,Halsnæs,30980,278002.5
0260,2013,0,0,6,0,Halsnæs,30803,284002.8
0260,2014,0,0,6,0,Halsnæs,30647,288944.0
0260,2015,0,1,5,-1,Halsnæs,30736,293520.7
0260,2016,1,0,6,1,Halsnæs,31049,297608.8
0260,2017,1,0,7,1,Halsnæs,31162,303436.7
0260,2018,1,0,8,1,Halsnæs,31168,307597.3
0260,2019,0,1,7,-1,Halsnæs,31271,312270.8
0260,2020,0,0,7,0,Halsnæs,31384,326657.3
0260,2021,0,0,7,0,Halsnæs,31420,332927.9
0260,2022,0,0,7,0,Halsnæs,31344,308893.9
0260,2023,0,1,6,-1,Halsnæs,31466,312271.3
0260,2024,0,0,6,0,Halsnæs,31515,316298.6
0265,2008,5,3,25,2,Roskilde,80687,305641.9
0265,2009,0,1,24,-1,Roskilde,81285,300148.6
0265,2010,3,0,27,3,Roskilde,81947,322303.5
0265,2011,2,3,26,-1,Roskilde,82542,321356.9
0265,2012,2,4,24,-2,Roskilde,83137,322534.9
0265,2013,4,3,25,1,Roskilde,83554,327543.6
0265,2014,3,3,25,0,Roskilde,84219,336837.8
0265,2015,0,2,23,-2,Roskilde,85026,343010.3
0265,2016,2,0,25,2,Roskilde,86207,348233.1
0265,2017,3,0,28,3,Roskilde,87015,354385.0
0265,2018,1,1,28,0,Roskilde,87382,361296.4
0265,2019,5,1,32,4,Roskilde,87577,371546.0
0265,2020,2,1,33,1,Roskilde,87914,386996.4
0265,2021,0,2,31,-2,Roskilde,88889,398316.2
0265,2022,2,0,33,2,Roskilde,89447,368375.5
0265,2023,6,1,38,5,Roskilde,90446,377003.0
0265,2024,4,0,42,4,Roskilde,90931,387356.9
0269,2008,1,0,5,1,Solrød,20759,326628.1
0269,2009,0,0,5,0,Solrød,20743,308700.8
0269,2010,0,0,5,0,Solrød,20882,337270.5
0269,2011,0,1,4,-1,Solrød,20964,346718.0
0269,2012,0,0,4,0,Solrød,21156,348576.9
0269,2013,0,0,4,0,Solrød,21145,351151.5
0269,2014,0,0,4,0,Solrød,21339,366984.1
0269,2015,0,1,3,-1,Solrød,21552,373943.3
0269,2016,0,1,2,-1,Solrød,21788,384438.2
0269,2017,1,0,3,1,Solrød,22147,386555.1
0269,2018,0,0,3,0,Solrød,22518,390023.1
0269,2019,0,0,3,0,Solrød,23065,406318.1
0269,2020,0,0,3,0,Solrød,23255,419474.1
0269,2021,0,0,3,0,Solrød,23441,428537.5
0269,2022,0,0,3,0,Solrød,23794,391128.4
0269,2023,0,1,2,-1,Solrød,24216,398640.3
0269,2024,0,0,2,0,Solrød,24579,399527.5
0270,2008,0,1,7,-1,Gribskov,40512,296861.4
0270,2009,0,0,7,0,Gribskov,40627,290406.1
0270,2010,0,1,6,-1,Gribskov,40694,312904.1
0270,2011,0,0,6,0,Gribskov,40700,307243.2
0270,2012,0,0,6,0,Gribskov,40603,312119.3
0270,2013,1,1,6,0,Gribskov,40655,313594.4
0270,2014,0,0,6,0,Gribskov,40778,322950.8
0270,2015,1,0,7,1,Gribskov,40855,326106.6
0270,2016,0,0,7,0,Gribskov,41107,330861.4
0270,2017,0,1,6,-1,Gribskov,41213,334452.3
0270,2018,0,0,6,0,Gribskov,41217,339082.9
0270,2019,2,1,7,1,Gribskov,41195,343931.2
0270,2020,0,0,7,0,Gribskov,41048,362269.4
0270,2021,0,0,7,0,Gribskov,40971,370485.4
0270,2022,3,0,10,3,Gribskov,41147,344058.8
0270,2023,2,0,12,2,Gribskov,41547,344156.4
0270,2024,1,1,12,0,Gribskov,41920,346564.4
0306,2008,0,0,11,0,Odsherred,33129,248861.7
0306,2009,0,0,11,0,Odsherred,33159,251815.6
0306,2010,1,1,11,0,Odsherred,33030,266363.1
0306,2011,2,0,13,2,Odsherred,32845,263112.5
0306,2012,0,1,12,-1,Odsherred,32640,264894.2
0306,2013,0,0,12,0,Odsherred,32452,270056.0
0306,2014,1,0,13,1,Odsherred,32534,274515.2
0306,2015,0,2,11,-2,Odsherred,32665,277699.4
0306,2016,0,1,10,-1,Odsherred,32816,280139.3
0306,2017,1,0,11,1,Odsherred,33023,284507.4
0306,2018,2,0,13,2,Odsherred,33083,288262.8
0306,2019,0,1,12,-1,Odsherred,33122,295095.9
0306,2020,1,1,12,0,Odsherred,32957,307046.5
0306,2021,2,0,14,2,Odsherred,32923,315344.0
0306,2022,7,2,19,5,Odsherred,32881,295184.7
0306,2023,0,2,17,-2,Odsherred,32977,294993.5
0306,2024,1,0,18,1,Odsherred,32605,295143.0
0316,2008,2,0,22,2,Holbæk,69010,268991.2
0316,2009,1,1,22,0,Holbæk,69528,273469.8
0316,2010,2,1,23,1,Holbæk,69550,289942.9
0316,2011,1,3,21,-2,Holbæk,69521,283988.3
0316,2012,2,0,23,2,Holbæk,69415,286193.3
0316,2013,1,4,20,-3,Holbæk,69263,291853.5
0316,2014,2,2,20,0,Holbæk,69016,296431.7
0316,2015,1,0,21,1,Holbæk,69035,303217.2
0316,2016,0,2,19,-2,Holbæk,69972,305291.2
0316,2017,3,0,22,3,Holbæk,70950,310392.4
0316,2018,0,1,21,-1,Holbæk,70983,314790.2
0316,2019,4,1,24,3,Holbæk,71297,321610.8
0316,2020,1,0,25,1,Holbæk,71541,336202.4
0316,2021,1,2,24,-1,Holbæk,71913,346535.4
0316,2022,2,0,26,2,Holbæk,72810,323450.1
0316,2023,0,0,26,0,Holbæk,73440,323649.0
0316,2024,2,0,28,2,Holbæk,74129,327506.6
0320,2008,1,1,10,0,Faxe,35418,268055.2
0320,2009,2,1,11,1,Faxe,35441,269447.2
0320,2010,0,0,11,0,Faxe,35306,285481.6
0320,2011,0,0,11,0,Faxe,35277,279392.8
0320,2012,0,0,11,0,Faxe,35110,280347.8
0320,2013,0,2,9,-2,Faxe,35123,284133.2
0320,2014,0,0,9,0,Faxe,35119,288155.9
0320,2015,0,0,9,0,Faxe,35195,291270.6
0320,2016,0,1,8,-1,Faxe,35614,295633.5
0320,2017,0,0,8,0,Faxe,35916,299167.7
0320,2018,0,1,7,-1,Faxe,36139,304180.0
0320,2019,0,0,7,0,Faxe,36513,311114.0
0320,2020,1,0,8,1,Faxe,36576,325505.1
0320,2021,1,0,9,1,Faxe,36713,330941.4
0320,2022,2,0,11,2,Faxe,37161,310289.5
0320,2023,0,0,11,0,Faxe,37344,309032.3
0320,2024,1,1,11,0,Faxe,37753,310319.8
0326,2008,1,0,12,1,Kalundborg,49743,252486.0
0326,2009,2,0,14,2,Kalundborg,49741,263000.5
0326,2010,0,0,14,0,Kalundborg,49265,279051.6
0326,2011,2,0,16,2,Kalundborg,49088,274432.9
0326,2012,0,1,15,-1,Kalundborg,48632,276139.3
0326,2013,1,0,16,1,Kalundborg,48294,282345.3
0326,2014,0,1,15,-1,Kalundborg,48358,286310.3
0326,2015,2,1,16,1,Kalundborg,48469,294416.0
0326,2016,1,0,17,1,Kalundborg,48660,296762.2
0326,2017,1,1,17,0,Kalundborg,48736,298756.9
0326,2018,1,1,17,0,Kalundborg,48982,303720.7
0326,2019,0,0,17,0,Kalundborg,48681,310915.8
0326,2020,2,0,19,2,Kalundborg,48436,322515.6
0326,2021,31,1,49,30,Kalundborg,48487,333203.0
0326,2022,1,0,50,1,Kalundborg,48368,316394.0
0326,2023,2,1,51,1,Kalundborg,48602,321624.9
0326,2024,14,2,63,12,Kalundborg,48309,323758.1
0329,2008,2,0,16,2,Ringsted,32092,273651.0
0329,2009,3,0,19,3,Ringsted,32442,273775.6
0329,2010,3,1,21,2,Ringsted,32584,290549.9
0329,2011,3,2,22,1,Ringsted,32890,285599.8
0329,2012,1,2,21,-1,Ringsted,33153,286274.3
0329,2013,0,0,21,0,Ringsted,33217,291173.5
0329,2014,0,1,20,-1,Ringsted,33349,294909.9
0329,2015,0,0,20,0,Ringsted,33573,299545.6
0329,2016,1,1,20,0,Ringsted,34031,304107.8
0329,2017,2,1,21,1,Ringsted,34259,310430.0
0329,2018,1,1,21,0,Ringsted,34473,313653.8
0329,2019,3,0,24,3,Ringsted,34725,320573.9
0329,2020,1,1,24,0,Ringsted,34852,336820.9
0329,2021,1,1,24,0,Ringsted,34847,345588.1
0329,2022,2,1,25,1,Ringsted,35141,321687.9
0329,2023,0,2,23,-2,Ringsted,35906,321354.5
0329,2024,2,1,24,1,Ringsted,36356,325150.3
0330,2008,5,2,29,3,Slagelse,77457,254684.2
0330,2009,0,0,29,0,Slagelse,77457,260476.6
0330,2010,4,1,32,3,Slagelse,77475,272237.2
0330,2011,4,1,35,3,Slagelse,77442,270458.0
0330,2012,0,2,33,-2,Slagelse,77310,270258.8
0330,2013,1,3,31,-2,Slagelse,77167,277430.6
0330,2014,1,1,31,0,Slagelse,76948,278478.1
0330,2015,2,4,29,-2,Slagelse,77293,282613.2
0330,2016,2,4,27,-2,Slagelse,78140,286904.0
0330,2017,0,0,27,0,Slagelse,78828,291311.9
0330,2018,3,1,29,2,Slagelse,78968,295348.9
0330,2019,3,0,32,3,Slagelse,79073,300163.5
0330,2020,2,0,34,2,Slagelse,79073,310376.6
0330,2021,4,1,37,3,Slagelse,79122,321834.2
0330,2022,7,2,42,5,Slagelse,79691,302871.0
0330,2023,3,2,43,1,Slagelse,79728,297069.7
0330,2024,5,0,48,5,Slagelse,79923,300858.6
0336,2008,0,0,3,0,Stevns,21892,283755.4
0336,2009,0,0,3,0,Stevns,21948,276894.5
0336,2010,0,0,3,0,Stevns,21931,294025.4
0336,2011,0,0,3,0,Stevns,21855,291104.9
0336,2012,0,0,3,0,Stevns,21855,289897.1
0336,2013,0,1,2,-1,Stevns,21818,296992.0
0336,2014,1,0,3,1,Stevns,21825,303350.1
0336,2015,0,1,2,-1,Stevns,22038,306657.8
0336,2016,0,0,2,0,Stevns,22260,310472.2
0336,2017,1,1,2,0,Stevns,22492,315565.3
0336,2018,0,0,2,0,Stevns,22727,322936.8
0336,2019,0,0,2,0,Stevns,22782,331698.2
0336,2020,0,0,2,0,Stevns,22805,340517.8
0336,2021,0,0,2,0,Stevns,23034,347718.6
0336,2022,0,0,2,0,Stevns,23473,327272.5
0336,2023,0,0,2,0,Stevns,23692,323339.2
0336,2024,0,0,2,0,Stevns,23649,329231.3
0340,2008,1,1,9,0,Sorø,29180,257625.1
0340,2009,0,0,9,0,Sorø,29458,272054.9
0340,2010,1,0,10,1,Sorø,29522,283394.0
0340,2011,1,1,10,0,Sorø,29499,283614.5
0340,2012,0,0,10,0,Sorø,29393,284347.0
0340,2013,0,2,8,-2,Sorø,29288,292770.4
0340,2014,0,0,8,0,Sorø,29299,296826.4
0340,2015,0,0,8,0,Sorø,29331,302691.5
0340,2016,0,0,8,0,Sorø,29543,306000.6
0340,2017,0,0,8,0,Sorø,29595,311391.1
0340,2018,0,0,8,0,Sorø,29669,313575.9
0340,2019,0,0,8,0,Sorø,29834,323948.6
0340,2020,0,0,8,0,Sorø,29881,332926.3
0340,2021,0,0,8,0,Sorø,29993,344270.7
0340,2022,2,0,10,2,Sorø,30018,320362.6
0340,2023,0,1,9,-1,Sorø,30444,320616.4
0340,2024,1,0,10,1,Sorø,30478,325077.7
0350,2008,1,0,3,1,Lejre,26603,304969.6
0350,2009,0,1,2,-1,Lejre,26778,300440.8
0350,2010,0,0,2,0,Lejre,26794,326310.3
0350,2011,0,0,2,0,Lejre,26764,319737.7
0350,2012,1,1,2,0,Lejre,26887,319779.5
0350,2013,0,1,1,-1,Lejre,26901,328618.9
0350,2014,0,0,1,0,Lejre,26989,331559.0
0350,2015,0,0,1,0,Lejre,27172,337357.2
0350,2016,1,0,2,1,Lejre,27317,345339.4
0350,2017,0,0,2,0,Lejre,27402,350559.8
0350,2018,0,0,2,0,Lejre,27544,357719.6
0350,2019,0,0,2,0,Lejre,27775,361446.3
0350,2020,0,0,2,0,Lejre,27996,373828.9
0350,2021,0,0,2,0,Lejre,28173,383548.8
0350,2022,0,0,2,0,Lejre,28623,356181.5
0350,2023,1,0,3,1,Lejre,28930,356001.8
0350,2024,0,1,2,-1,Lejre,29347,361401.2
0360,2008,2,1,22,1,Lolland,48219,231529.2
0360,2009,2,1,23,1,Lolland,47757,237324.8
0360,2010,1,1,23,0,Lolland,46984,248435.9
0360,2011,0,0,23,0,Lolland,46111,244708.4
0360,2012,1,1,23,0,Lolland,45241,245200.2
0360,2013,5,4,24,1,Lolland,44436,251706.9
0360,2014,0,0,24,0,Lolland,43528,256110.9
0360,2015,1,2,23,-1,Lolland,43024,256562.6
0360,2016,1,1,23,0,Lolland,42638,256965.8
0360,2017,0,0,23,0,Lolland,42285,259716.7
0360,2018,0,1,22,-1,Lolland,41982,263160.3
0360,2019,1,0,23,1,Lolland,41615,269389.8
0360,2020,0,0,23,0,Lolland,41105,280293.4
0360,2021,2,0,25,2,Lolland,40539,291129.5
0360,2022,1,0,26,1,Lolland,40107,274342.6
0360,2023,0,1,25,-1,Lolland,39921,276291.7
0360,2024,2,2,25,0,Lolland,39632,276799.1
0370,2008,3,3,16,0,Næstved,80732,260923.5
0370,2009,1,1,16,0,Næstved,80954,267300.3
0370,2010,5,0,21,5,Næstved,81112,281603.2
0370,2011,3,3,21,0,Næstved,80963,279194.2
0370,2012,0,3,18,-3,Næstved,81012,280269.0
0370,2013,2,4,16,-2,Næstved,81163,285241.4
0370,2014,2,1,17,1,Næstved,81432,288531.9
0370,2015,2,2,17,0,Næstved,81687,292808.8
0370,2016,3,2,18,1,Næstved,82342,296668.5
0370,2017,1,0,19,1,Næstved,82581,301413.7
0370,2018,2,0,21,2,Næstved,82938,305776.1
0370,2019,4,1,24,3,Næstved,82991,313722.8
0370,2020,0,0,24,0,Næstved,83143,327231.3
0370,2021,3,0,27,3,Næstved,83181,335417.5
0370,2022,4,1,30,3,Næstved,83801,311749.7
0370,2023,0,0,30,0,Næstved,84574,310015.4
0370,2024,3,0,33,3,Næstved,84747,312073.9
0376,2008,2,0,21,2,Guldborgsund,63496,247253.4
0376,2009,1,0,22,1,Guldborgsund,63211,250686.8
0376,2010,4,1,25,3,Guldborgsund,62912,263337.0
0376,2011,2,2,25,0,Guldborgsund,62583,251651.9
0376,2012,0,0,25,0,Guldborgsund,61913,256861.4
0376,2013,3,5,23,-2,Guldborgsund,61322,264442.4
0376,2014,0,3,20,-3,Guldborgsund,61007,264953.6
0376,2015,2,1,21,1,Guldborgsund,60829,270206.8
0376,2016,2,1,22,1,Guldborgsund,60979,271559.1
0376,2017,1,0,23,1,Guldborgsund,61257,274023.6
0376,2018,0,0,23,0,Guldborgsund,61219,276808.4
0376,2019,2,0,25,2,Guldborgsund,60930,284340.8
0376,2020,0,0,25,0,Guldborgsund,60722,298674.1
0376,2021,1,2,24,-1,Guldborgsund,60328,309181.5
0376,2022,1,0,25,1,Guldborgsund,60310,288147.4
0376,2023,2,0,27,2,Guldborgsund,60231,286761.3
0376,2024,3,1,29,2,Guldborgsund,59759,288186.7
0390,2008,1,1,19,0,Vordingborg,46600,246668.7
0390,2009,1,0,20,1,Vordingborg,46551,250880.9
0390,2010,1,0,21,1,Vordingborg,46319,267275.4
0390,2011,2,2,21,0,Vordingborg,46170,263938.7
0390,2012,1,0,22,1,Vordingborg,45804,264737.7
0390,2013,3,3,22,0,Vordingborg,45465,271902.3
0390,2014,1,3,20,-2,Vordingborg,45295,274654.6
0390,2015,0,2,18,-2,Vordingborg,45471,280336.3
0390,2016,1,1,18,0,Vordingborg,45806,281137.6
0390,2017,1,0,19,1,Vordingborg,46037,285056.5
0390,2018,2,0,21,2,Vordingborg,46087,290323.7
0390,2019,1,1,21,0,Vordingborg,45816,295783.0
0390,2020,1,0,22,1,Vordingborg,45566,310662.0
0390,2021,2,0,24,2,Vordingborg,45268,318651.8
0390,2022,2,2,24,0,Vordingborg,45352,303188.4
0390,2023,0,2,22,-2,Vordingborg,45441,295277.8
0390,2024,2,0,24,2,Vordingborg,45751,297999.8
0400,2008,0,0,20,0,Bornholm,42817,239089.8
0400,2009,5,0,25,5,Bornholm,42563,244140.4
0400,2010,2,1,26,1,Bornholm,42154,260062.8
0400,2011,1,0,27,1,Bornholm,41802,255078.9
0400,2012,1,1,27,0,Bornholm,41303,255287.8
0400,2013,2,5,24,-3,Bornholm,40715,257100.5
0400,2014,4,1,27,3,Bornholm,40215,260931.9
0400,2015,0,3,24,-3,Bornholm,39828,265290.6
0400,2016,1,1,24,0,Bornholm,39756,270126.0
0400,2017,2,2,24,0,Bornholm,39695,275221.9
0400,2018,3,0,27,3,Bornholm,39632,276787.7
0400,2019,3,0,30,3,Bornholm,39572,286259.3
0400,2020,2,1,31,1,Bornholm,39499,294596.0
0400,2021,1,0,32,1,Bornholm,39570,298542.5
0400,2022,3,3,32,0,Bornholm,39545,277034.5
0400,2023,0,0,32,0,Bornholm,39602,279942.6
0400,2024,1,0,33,1,Bornholm,39332,284195.5
0410,2008,1,1,13,0,Middelfart,37274,272325.1
0410,2009,0,3,10,-3,Middelfart,37625,278033.8
0410,2010,1,0,11,1,Middelfart,37661,296906.5
0410,2011,0,1,10,-1,Middelfart,37701,287988.9
0410,2012,0,0,10,0,Middelfart,37612,293781.3
0410,2013,2,1,11,1,Middelfart,37523,298769.8
0410,2014,0,0,11,0,Middelfart,37685,300456.0
0410,2015,0,0,11,0,Middelfart,37857,311665.9
0410,2016,0,0,11,0,Middelfart,37913,312718.4
0410,2017,1,3,9,-2,Middelfart,38093,325477.4
0410,2018,2,0,11,2,Middelfart,38210,326060.4
0410,2019,4,1,14,3,Middelfart,38553,337840.7
0410,2020,1,1,14,0,Middelfart,38853,352695.5
0410,2021,0,0,14,0,Middelfart,39116,361302.0
0410,2022,1,0,15,1,Middelfart,39603,342220.7
0410,2023,0,2,13,-2,Middelfart,39961,339472.1
0410,2024,0,0,13,0,Middelfart,40158,341139.4
0411,2008,0,0,1,0,Christiansø,96,
0411,2009,0,0,1,0,Christiansø,96,
0411,2010,0,0,1,0,Christiansø,101,
0411,2011,0,0,1,0,Christiansø,94,
0411,2012,0,0,1,0,Christiansø,103,
0411,2013,0,0,1,0,Christiansø,92,
0411,2014,0,0,1,0,Christiansø,90,
0411,2015,0,0,1,0,Christiansø,91,
0411,2016,0,0,1,0,Christiansø,91,
0411,2017,0,0,1,0,Christiansø,78,
0411,2018,0,0,1,0,Christiansø,83,
0411,2019,0,0,1,0,Christiansø,90,
0411,2020,0,0,1,0,Christiansø,84,
0411,2021,0,0,1,0,Christiansø,90,
0411,2022,0,0,1,0,Christiansø,93,
0411,2023,0,0,1,0,Christiansø,93,
0411,2024,0,0,1,0,Christiansø,91,
0420,2008,0,2,13,-2,Assens,42054,248316.6
0420,2009,2,0,15,2,Assens,42128,258133.3
0420,2010,0,0,15,0,Assens,42054,274223.4
0420,2011,0,0,15,0,Assens,41635,271033.2
0420,2012,0,0,15,0,Assens,41443,270973.7
0420,2013,0,2,13,-2,Assens,41325,274509.4
0420,2014,0,1,12,-1,Assens,41037,276560.4
0420,2015,0,2,10,-2,Assens,41046,282219.9
0420,2016,0,0,10,0,Assens,41224,285720.5
0420,2017,0,0,10,0,Assens,41390,291002.2
0420,2018,0,0,10,0,Assens,41328,293563.5
0420,2019,2,0,12,2,Assens,41212,304183.3
0420,2020,1,0,13,1,Assens,40965,314640.3
0420,2021,1,1,13,0,Assens,40867,322046.1
0420,2022,0,0,13,0,Assens,40972,300334.8
0420,2023,1,1,13,0,Assens,40944,301042.3
0420,2024,0,1,12,-1,Assens,40646,300908.5
0430,2008,0,1,15,-1,Faaborg-Midtfyn,51950,252686.4
0430,2009,0,0,15,0,Faaborg-Midtfyn,52108,256164.7
0430,2010,1,0,16,1,Faaborg-Midtfyn,52085,270643.5
0430,2011,2,1,17,1,Faaborg-Midtfyn,51926,270419.7
0430,2012,0,0,17,0,Faaborg-Midtfyn,51635,271545.0
0430,2013,0,2,15,-2,Faaborg-Midtfyn,51409,274526.2
0430,2014,0,1,14,-1,Faaborg-Midtfyn,51078,279676.2
0430,2015,0,0,14,0,Faaborg-Midtfyn,50953,283775.8
0430,2016,0,0,14,0,Faaborg-Midtfyn,51236,282647.2
0430,2017,1,0,15,1,Faaborg-Midtfyn,51376,290512.1
0430,2018,0,1,14,-1,Faaborg-Midtfyn,51536,295841.4
0430,2019,2,0,16,2,Faaborg-Midtfyn,51809,301498.0
0430,2020,2,2,16,0,Faaborg-Midtfyn,51556,314592.3
0430,2021,1,0,17,1,Faaborg-Midtfyn,51683,320076.3
0430,2022,1,1,17,0,Faaborg-Midtfyn,51849,301973.2
0430,2023,1,3,15,-2,Faaborg-Midtfyn,52253,299792.0
0430,2024,0,1,14,-1,Faaborg-Midtfyn,52291,301789.8
0440,2008,0,0,6,0,Kerteminde,23630,258859.5
0440,2009,0,0,6,0,Kerteminde,23745,266717.2
0440,2010,0,0,6,0,Kerteminde,23770,280515.6
0440,2011,2,0,8,2,Kerteminde,23758,279879.4
0440,2012,3,2,9,1,Kerteminde,23793,277143.9
0440,2013,3,0,12,3,Kerteminde,23787,283338.2
0440,2014,0,0,12,0,Kerteminde,23665,290914.5
0440,2015,0,2,10,-2,Kerteminde,23728,295509.2
0440,2016,0,2,8,-2,Kerteminde,23880,300937.5
0440,2017,1,0,9,1,Kerteminde,23774,302613.2
0440,2018,0,0,9,0,Kerteminde,23756,307703.3
0440,2019,0,3,6,-3,Kerteminde,23773,314937.0
0440,2020,0,0,6,0,Kerteminde,23812,326189.9
0440,2021,2,0,8,2,Kerteminde,23847,345927.0
0440,2022,2,0,10,2,Kerteminde,24034,316176.0
0440,2023,0,1,9,-1,Kerteminde,23991,318520.1
0440,2024,0,0,9,0,Kerteminde,23894,318930.6
0450,2008,1,1,13,0,Nyborg,31607,255405.4
0450,2009,0,0,13,0,Nyborg,31714,261243.5
0450,2010,0,0,13,0,Nyborg,31690,273401.1
0450,2011,3,0,16,3,Nyborg,31499,271744.7
0450,2012,0,2,14,-2,Nyborg,31486,271141.5
0450,2013,1,2,13,-1,Nyborg,31350,273962.3
0450,2014,0,1,12,-1,Nyborg,31314,278294.4
0450,2015,0,0,12,0,Nyborg,31573,281164.3
0450,2016,0,0,12,0,Nyborg,31886,283386.5
0450,2017,1,1,12,0,Nyborg,32142,287469.1
0450,2018,1,0,13,1,Nyborg,32032,295084.3
0450,2019,1,0,14,1,Nyborg,32042,300215.8
0450,2020,1,2,13,-1,Nyborg,32009,313292.7
0450,2021,2,1,14,1,Nyborg,31933,321753.7
0450,2022,1,1,14,0,Nyborg,32098,301246.0
0450,2023,1,0,15,1,Nyborg,32262,304300.7
0450,2024,1,0,16,1,Nyborg,32193,304008.0
0461,2008,8,1,57,7,Odense,186932,252520.0
0461,2009,5,5,57,0,Odense,187929,257560.7
0461,2010,4,1,60,3,Odense,188777,273372.9
0461,2011,7,6,61,1,Odense,190245,271058.7
0461,2012,3,4,60,-1,Odense,191610,263939.0
0461,2013,3,2,61,1,Odense,193370,270701.6
0461,2014,5,4,62,1,Odense,195797,274695.8
0461,2015,4,6,60,-2,Odense,197480,279891.2
0461,2016,2,6,56,-4,Odense,198972,282313.6
0461,2017,8,6,58,2,Odense,200563,284263.2
0461,2018,6,4,60,2,Odense,202348,289138.9
0461,2019,14,2,72,12,Odense,204182,294524.1
0461,2020,4,1,75,3,Odense,204895,305827.8
0461,2021,5,2,78,3,Odense,205509,315502.7
0461,2022,2,1,79,1,Odense,205978,293024.4
0461,2023,10,6,83,4,Odense,207762,298128.1
0461,2024,9,5,87,4,Odense,209078,302877.4
0479,2008,3,0,16,3,Svendborg,59040,264311.6
0479,2009,0,0,16,0,Svendborg,59185,266837.1
0479,2010,1,2,15,-1,Svendborg,58998,279992.9
0479,2011,1,2,14,-1,Svendborg,58713,270972.7
0479,2012,1,2,13,-1,Svendborg,58551,276562.4
0479,2013,0,0,13,0,Svendborg,58296,280636.1
0479,2014,0,1,12,-1,Svendborg,57979,286017.5
0479,2015,0,0,12,0,Svendborg,57988,289164.4
0479,2016,2,0,14,2,Svendborg,58228,293534.5
0479,2017,0,0,14,0,Svendborg,58510,296159.7
0479,2018,1,1,14,0,Svendborg,58698,299011.8
0479,2019,3,1,16,2,Svendborg,58599,310113.6
0479,2020,1,0,17,1,Svendborg,58296,323760.1
0479,2021,0,2,15,-2,Svendborg,58588,332900.7
0479,2022,0,0,15,0,Svendborg,59193,310407.5
0479,2023,1,0,16,1,Svendborg,59735,308955.4
0479,2024,2,0,18,2,Svendborg,59727,310049.0
0480,2008,0,0,5,0,Nordfyns,29470,245431.4
0480,2009,0,0,5,0,Nordfyns,29651,252260.6
0480,2010,0,0,5,0,Nordfyns,29638,269274.5
0480,2011,1,0,6,1,Nordfyns,29507,271238.9
0480,2012,0,0,6,0,Nordfyns,29330,269614.0
0480,2013,0,1,5,-1,Nordfyns,29224,276073.0
0480,2014,0,0,5,0,Nordfyns,29066,278172.8
0480,2015,0,1,4,-1,Nordfyns,29030,281952.8
0480,2016,0,0,4,0,Nordfyns,29298,284199.8
0480,2017,0,0,4,0,Nordfyns,29446,291385.6
0480,2018,0,0,4,0,Nordfyns,29516,296591.2
0480,2019,0,0,4,0,Nordfyns,29693,303729.9
0480,2020,0,0,4,0,Nordfyns,29665,314033.8
0480,2021,0,0,4,0,Nordfyns,29549,320170.3
0480,2022,1,0,5,1,Nordfyns,29714,301280.4
0480,2023,2,2,5,0,Nordfyns,29726,298758.9
0480,2024,0,0,5,0,Nordfyns,29610,301589.5
0482,2008,1,0,7,1,Langeland,13741,233814.3
0482,2009,0,0,7,0,Langeland,13563,234249.8
0482,2010,0,1,6,-1,Langeland,13510,246619.7
0482,2011,0,0,6,0,Langeland,13322,243477.1
0482,2012,2,1,7,1,Langeland,13094,245736.1
0482,2013,1,0,8,1,Langeland,12861,247730.5
0482,2014,0,0,8,0,Langeland,12695,252798.6
0482,2015,1,0,9,1,Langeland,12647,253188.3
0482,2016,0,0,9,0,Langeland,12547,257272.6
0482,2017,0,0,9,0,Langeland,12578,260615.3
0482,2018,0,0,9,0,Langeland,12641,261120.2
0482,2019,1,0,10,1,Langeland,12560,273461.9
0482,2020,0,0,10,0,Langeland,12491,293074.1
0482,2021,0,0,10,0,Langeland,12367,289180.4
0482,2022,0,1,9,-1,Langeland,12316,274806.6
0482,2023,0,0,9,0,Langeland,12384,276986.1
0482,2024,0,1,8,-1,Langeland,12260,272469.5
0492,2008,0,1,5,-1,Ærø,6712,251720.0
0492,2009,0,0,5,0,Ærø,6698,250981.7
0492,2010,0,0,5,0,Ærø,6679,262159.5
0492,2011,0,1,4,-1,Ærø,6663,255603.3
0492,2012,0,0,4,0,Ærø,6636,256706.7
0492,2013,0,1,3,-1,Ærø,6527,254496.1
0492,2014,0,0,3,0,Ærø,6393,265666.3
0492,2015,0,0,3,0,Ærø,6276,266102.4
0492,2016,0,0,3,0,Ærø,6290,272266.5
0492,2017,0,0,3,0,Ærø,6177,270983.0
0492,2018,0,0,3,0,Ærø,6178,272872.2
0492,2019,1,0,4,1,Ærø,6058,279136.8
0492,2020,0,0,4,0,Ærø,5964,289962.9
0492,2021,0,0,4,0,Ærø,5960,296017.2
0492,2022,1,0,5,1,Ærø,6025,273165.6
0492,2023,0,0,5,0,Ærø,6008,270431.8
0492,2024,0,0,5,0,Ærø,5960,273151.6
0510,2008,2,2,23,0,Haderslev,56414,251877.5
0510,2009,2,1,24,1,Haderslev,56508,260978.8
0510,2010,7,2,29,5,Haderslev,56346,272398.7
0510,2011,5,2,32,3,Haderslev,56117,266879.0
0510,2012,6,4,34,2,Haderslev,56188,265234.7
0510,2013,4,2,36,2,Haderslev,56051,270064.4
0510,2014,3,2,37,1,Haderslev,55906,273013.8
0510,2015,1,13,25,-12,Haderslev,55888,277793.9
0510,2016,3,1,27,2,Haderslev,56029,280193.1
0510,2017,1,0,28,1,Haderslev,56045,287632.3
0510,2018,2,3,27,-1,Haderslev,55963,291654.4
0510,2019,3,0,30,3,Haderslev,55857,299830.0
0510,2020,1,1,30,0,Haderslev,55670,311166.6
0510,2021,4,1,33,3,Haderslev,55376,317978.1
0510,2022,9,3,39,6,Haderslev,55340,298175.8
0510,2023,0,2,37,-2,Haderslev,55353,296493.8
0510,2024,3,1,39,2,Haderslev,55438,296827.2
0530,2008,0,2,14,-2,Billund,26181,263671.5
0530,2009,0,1,13,-1,Billund,26235,264981.6
0530,2010,0,0,13,0,Billund,26160,285641.4
0530,2011,0,0,13,0,Billund,26155,286011.8
0530,2012,8,0,21,8,Billund,26220,288575.9
0530,2013,0,1,20,-1,Billund,26357,295861.0
0530,2014,0,0,20,0,Billund,26318,296862.3
0530,2015,4,0,24,4,Billund,26285,298886.9
0530,2016,1,0,25,1,Billund,26434,302803.1
0530,2017,1,0,26,1,Billund,26481,315637.2
0530,2018,17,1,42,16,Billund,26482,318809.0
0530,2019,1,0,43,1,Billund,26629,325489.0
0530,2020,0,0,43,0,Billund,26608,338185.3
0530,2021,1,0,44,1,Billund,26551,349005.0
0530,2022,3,3,44,0,Billund,26631,329825.3
0530,2023,1,1,44,0,Billund,27021,470346.1
0530,2024,3,0,47,3,Billund,27119,340247.8
0540,2008,3,2,30,1,Sønderborg,76913,255951.1
0540,2009,2,1,31,1,Sønderborg,76793,241336.6
0540,2010,3,4,30,-1,Sønderborg,76439,274436.3
0540,2011,6,1,35,5,Sønderborg,76193,270223.9
0540,2012,0,5,30,-5,Sønderborg,76094,273093.8
0540,2013,5,3,32,2,Sønderborg,75732,273538.4
0540,2014,3,3,32,0,Sønderborg,75264,279176.5
0540,2015,2,1,33,1,Sønderborg,74937,281927.3
0540,2016,1,4,30,-3,Sønderborg,74737,285889.4
0540,2017,1,1,30,0,Sønderborg,74801,293328.8
0540,2018,0,1,29,-1,Sønderborg,74650,297512.1
0540,2019,5,0,34,5,Sønderborg,74561,304918.1
0540,2020,0,2,32,-2,Sønderborg,74220,315785.2
0540,2021,2,0,34,2,Sønderborg,73831,323976.9
0540,2022,1,0,35,1,Sønderborg,73711,302168.4
0540,2023,2,0,37,2,Sønderborg,74380,301012.0
0540,2024,4,3,38,1,Sønderborg,74233,303212.6
0550,2008,0,4,21,-4,Tønder,40367,238241.1
0550,2009,3,0,24,3,Tønder,40216,240582.3
0550,2010,1,3,22,-2,Tønder,39710,255187.7
0550,2011,0,0,22,0,Tønder,39464,255409.4
0550,2012,3,2,23,1,Tønder,39083,251920.5
0550,2013,2,3,22,-1,Tønder,38686,260041.4
0550,2014,1,2,21,-1,Tønder,38316,261494.2
0550,2015,0,2,19,-2,Tønder,38010,267346.4
0550,2016,1,2,18,-1,Tønder,37904,269805.4
0550,2017,2,0,20,2,Tønder,37928,283441.0
0550,2018,0,0,20,0,Tønder,37777,282026.4
0550,2019,3,0,23,3,Tønder,37587,295612.9
0550,2020,0,1,22,-1,Tønder,37366,304925.3
0550,2021,0,1,21,-1,Tønder,37050,311598.4
0550,2022,0,2,19,-2,Tønder,36849,302705.8
0550,2023,0,1,18,-1,Tønder,36878,292332.6
0550,2024,1,0,19,1,Tønder,36651,296111.6
0561,2008,5,3,49,2,Esbjerg,114244,264644.4
0561,2009,4,1,52,3,Esbjerg,114595,268033.8
0561,2010,3,7,48,-4,Esbjerg,115114,283897.8
0561,2011,6,1,53,5,Esbjerg,115184,281603.4
0561,2012,7,4,56,3,Esbjerg,115112,282956.5
0561,2013,4,11,49,-7,Esbjerg,115051,288054.5
0561,2014,5,6,48,-1,Esbjerg,115095,292172.9
0561,2015,4,2,50,2,Esbjerg,115446,294492.4
0561,2016,3,3,50,0,Esbjerg,115748,297953.8
0561,2017,6,2,54,4,Esbjerg,115905,303022.1
0561,2018,2,1,55,1,Esbjerg,116032,307663.4
0561,2019,6,0,61,6,Esbjerg,115652,314821.4
0561,2020,3,1,63,2,Esbjerg,115483,325715.0
0561,2021,14,2,75,12,Esbjerg,115579,337030.9
0561,2022,4,2,77,2,Esbjerg,115459,314261.5
0561,2023,10,3,84,7,Esbjerg,115758,315684.3
0561,2024,6,2,88,4,Esbjerg,115423,323331.0
0563,2008,0,0,3,0,Fanø,3192,292258.5
0563,2009,0,0,3,0,Fanø,3207,300677.9
0563,2010,0,0,3,0,Fanø,3219,315099.3
0563,2011,0,0,3,0,Fanø,3213,316472.1
0563,2012,0,0,3,0,Fanø,3251,314155.8
0563,2013,0,1,2,-1,Fanø,3237,320130.5
0563,2014,0,0,2,0,Fanø,3264,324844.4
0563,2015,0,0,2,0,Fanø,3263,326286.2
0563,2016,0,0,2,0,Fanø,3290,324935.4
0563,2017,0,0,2,0,Fanø,3345,330208.5
0563,2018,0,0,2,0,Fanø,3401,332785.8
0563,2019,0,0,2,0,Fanø,3404,334237.2
0563,2020,0,0,2,0,Fanø,3488,347987.5
0563,2021,0,0,2,0,Fanø,3456,362087.6
0563,2022,0,0,2,0,Fanø,3427,329757.6
0563,2023,0,0,2,0,Fanø,3426,326442.9
0563,2024,0,0,2,0,Fanø,3357,327402.2
0573,2008,1,3,32,-2,Varde,50125,254883.8
0573,2009,4,2,34,2,Varde,50475,256606.1
0573,2010,1,3,32,-2,Varde,50378,272523.8
0573,2011,3,1,34,2,Varde,50351,275157.2
0573,2012,6,3,37,3,Varde,50193,278403.9
0573,2013,2,4,35,-2,Varde,49969,291921.9
0573,2014,4,2,37,2,Varde,49958,285738.6
0573,2015,3,6,34,-3,Varde,50122,289915.7
0573,2016,0,1,33,-1,Varde,50289,291300.2
0573,2017,0,0,33,0,Varde,50452,300389.0
0573,2018,0,0,33,0,Varde,50301,301760.0
0573,2019,1,1,33,0,Varde,50129,311860.0
0573,2020,2,1,34,1,Varde,49961,325725.0
0573,2021,4,0,38,4,Varde,49628,335684.6
0573,2022,6,3,41,3,Varde,49664,316361.9
0573,2023,0,1,40,-1,Varde,49995,312785.4
0573,2024,1,0,41,1,Varde,49798,319694.8
0575,2008,0,1,19,-1,Vejen,42447,248303.8
0575,2009,0,1,18,-1,Vejen,42807,250406.5
0575,2010,1,2,17,-1,Vejen,42768,269691.1
0575,2011,0,0,17,0,Vejen,42683,265104.7
0575,2012,0,1,16,-1,Vejen,42785,271976.6
0575,2013,2,4,14,-2,Vejen,42700,280782.1
0575,2014,0,0,14,0,Vejen,42667,279393.0
0575,2015,0,0,14,0,Vejen,42601,287492.4
0575,2016,3,0,17,3,Vejen,42869,287061.2
0575,2017,0,0,17,0,Vejen,42822,298562.5
0575,2018,1,0,18,1,Vejen,42844,302841.7
0575,2019,0,0,18,0,Vejen,42863,310798.8
0575,2020,1,1,18,0,Vejen,42742,323541.3
0575,2021,0,1,17,-1,Vejen,42790,333588.0
0575,2022,0,0,17,0,Vejen,42596,314233.6
0575,2023,1,3,15,-2,Vejen,42924,446462.0
0575,2024,0,1,14,-1,Vejen,42800,435085.3
0580,2008,3,3,29,0,Aabenraa,60189,257029.5
0580,2009,4,1,32,3,Aabenraa,60392,255130.2
0580,2010,2,4,30,-2,Aabenraa,59978,271481.9
0580,2011,1,2,29,-1,Aabenraa,59795,268613.8
0580,2012,1,3,27,-2,Aabenraa,59600,268157.0
0580,2013,2,2,27,0,Aabenraa,59208,271096.6
0580,2014,4,3,28,1,Aabenraa,58970,272634.0
0580,2015,2,2,28,0,Aabenraa,58904,278115.4
0580,2016,2,2,28,0,Aabenraa,58869,282946.2
0580,2017,3,0,31,3,Aabenraa,59003,291382.8
0580,2018,3,1,33,2,Aabenraa,59089,293698.9
0580,2019,4,1,36,3,Aabenraa,59035,301420.3
0580,2020,5,0,41,5,Aabenraa,58761,313457.1
0580,2021,0,1,40,-1,Aabenraa,58526,320495.0
0580,2022,5,3,42,2,Aabenraa,58693,303108.0
0580,2023,1,1,42,0,Aabenraa,59002,300251.8
0580,2024,1,1,42,0,Aabenraa,58657,307494.2
0607,2008,2,1,24,1,Fredericia,49463,266410.1
0607,2009,1,1,24,0,Fredericia,49690,270622.0
0607,2010,1,0,25,1,Fredericia,49849,285253.8
0607,2011,4,2,27,2,Fredericia,50104,277147.3
0607,2012,4,1,30,3,Fredericia,50193,276420.1
0607,2013,2,2,30,0,Fredericia,50374,280650.4
0607,2014,7,1,36,6,Fredericia,50324,285284.0
0607,2015,2,4,34,-2,Fredericia,50429,291239.0
0607,2016,0,0,34,0,Fredericia,50689,301314.6
0607,2017,1,0,35,1,Fredericia,50868,298954.1
0607,2018,2,1,36,1,Fredericia,51326,303118.1
0607,2019,6,2,40,4,Fredericia,51427,310494.0
0607,2020,2,2,40,0,Fredericia,51377,322506.4
0607,2021,4,3,41,1,Fredericia,51275,331178.2
0607,2022,4,4,41,0,Fredericia,51606,309869.3
0607,2023,2,4,39,-2,Fredericia,52173,310308.3
0607,2024,2,0,41,2,Fredericia,52485,315741.3
0615,2008,2,2,29,0,Horsens,80102,257656.6
0615,2009,5,0,34,5,Horsens,81565,267039.1
0615,2010,5,6,33,-1,Horsens,81957,281419.7
0615,2011,5,2,36,3,Horsens,82835,280775.7
0615,2012,4,2,38,2,Horsens,83598,281821.9
0615,2013,1,3,36,-2,Horsens,84871,287600.8
0615,2014,1,3,34,-2,Horsens,85662,292785.5
0615,2015,7,4,37,3,Horsens,86361,296383.8
0615,2016,1,7,31,-6,Horsens,87736,301691.5
0615,2017,1,4,28,-3,Horsens,89030,307857.2
0615,2018,7,0,35,7,Horsens,89598,314678.7
0615,2019,4,0,39,4,Horsens,90370,322439.5
0615,2020,2,0,41,2,Horsens,90966,335185.2
0615,2021,0,1,40,-1,Horsens,92229,342369.0
0615,2022,3,0,43,3,Horsens,94443,317332.4
0615,2023,3,2,44,1,Horsens,96480,313351.6
0615,2024,5,3,46,2,Horsens,97392,318154.7
0621,2008,2,0,42,2,Kolding,87781,273249.2
0621,2009,0,1,41,-1,Kolding,88519,273198.7
0621,2010,4,3,42,1,Kolding,89071,291614.0
0621,2011,6,2,46,4,Kolding,89210,289158.2
0621,2012,2,3,45,-1,Kolding,89412,289575.5
0621,2013,1,5,41,-4,Kolding,89556,291997.6
0621,2014,1,2,40,-1,Kolding,90066,297659.6
0621,2015,5,2,43,3,Kolding,90794,303707.7
0621,2016,3,5,41,-2,Kolding,91695,308719.4
0621,2017,2,1,42,1,Kolding,92282,314652.4
0621,2018,7,1,48,6,Kolding,92515,320017.9
0621,2019,6,1,53,5,Kolding,92893,326369.3
0621,2020,5,0,58,5,Kolding,93175,343058.1
0621,2021,1,4,55,-3,Kolding,93161,351296.1
0621,2022,8,2,61,6,Kolding,93544,324972.3
0621,2023,6,1,66,5,Kolding,94528,324146.7
0621,2024,5,2,69,3,Kolding,94932,325982.3
0630,2008,6,1,44,5,Vejle,104933,275221.2
0630,2009,2,5,41,-3,Vejle,105884,278518.6
0630,2010,1,4,38,-3,Vejle,106383,299129.6
0630,2011,7,2,43,5,Vejle,107218,293405.7
0630,2012,5,1,47,4,Vejle,108021,295089.2
0630,2013,1,4,44,-3,Vejle,108826,298810.1
0630,2014,0,6,38,-6,Vejle,109652,302349.6
0630,2015,2,2,38,0,Vejle,110471,313367.9
0630,2016,4,0,42,4,Vejle,111743,317539.4
0630,2017,4,2,44,2,Vejle,113243,324963.5
0630,2018,8,6,46,2,Vejle,114140,329475.8
0630,2019,3,0,49,3,Vejle,114830,339777.4
0630,2020,3,1,51,2,Vejle,115748,353754.6
0630,2021,4,3,52,1,Vejle,116992,365053.2
0630,2022,4,1,55,3,Vejle,119060,337829.9
0630,2023,4,0,59,4,Vejle,120949,337932.3
0630,2024,8,2,65,6,Vejle,121696,344066.4
0657,2008,4,1,32,3,Herning,84208,261779.9
0657,2009,2,1,33,1,Herning,85217,265549.5
0657,2010,6,3,36,3,Herning,85548,284683.4
0657,2011,6,5,37,1,Herning,85852,289345.7
0657,2012,2,2,37,0,Herning,86348,283836.2
0657,2013,2,3,36,-1,Herning,86595,288575.2
0657,2014,1,1,36,0,Herning,86842,293652.8
0657,2015,3,1,38,2,Herning,86864,297004.4
0657,2016,2,3,37,-1,Herning,87593,302842.5
0657,2017,4,1,40,3,Herning,88386,310403.6
0657,2018,2,0,42,2,Herning,88733,315068.9
0657,2019,5,0,47,5,Herning,88917,322564.2
0657,2020,2,1,48,1,Herning,89127,338280.2
0657,2021,4,3,49,1,Herning,89238,345685.1
0657,2022,4,4,49,0,Herning,89230,324480.6
0657,2023,5,0,54,5,Herning,89952,320660.0
0657,2024,2,2,54,0,Herning,89848,322954.2
0661,2008,3,1,31,2,Holstebro,57020,261502.3
0661,2009,3,0,34,3,Holstebro,57267,263378.6
0661,2010,4,4,34,0,Holstebro,57056,282475.3
0661,2011,4,1,37,3,Holstebro,57161,283645.6
0661,2012,2,3,36,-1,Holstebro,57153,286234.6
0661,2013,2,4,34,-2,Holstebro,57254,294651.5
0661,2014,1,3,32,-2,Holstebro,57338,292785.3
0661,2015,2,3,31,-1,Holstebro,57494,297164.9
0661,2016,0,2,29,-2,Holstebro,57661,297205.5
0661,2017,3,1,31,2,Holstebro,58125,304618.3
0661,2018,1,0,32,1,Holstebro,58418,307229.9
0661,2019,2,0,34,2,Holstebro,58504,315326.1
0661,2020,2,1,35,1,Holstebro,58591,328647.4
0661,2021,1,1,35,0,Holstebro,58662,343892.1
0661,2022,4,2,37,2,Holstebro,58553,317852.6
0661,2023,1,0,38,1,Holstebro,58978,314262.1
0661,2024,5,0,43,5,Holstebro,59016,317795.8
0665,2008,0,0,10,0,Lemvig,22067,252728.9
0665,2009,1,0,11,1,Lemvig,21946,251545.7
0665,2010,0,1,10,-1,Lemvig,21790,278759.0
0665,2011,0,0,10,0,Lemvig,21554,279019.6
0665,2012,2,0,12,2,Lemvig,21384,276746.5
0665,2013,0,1,11,-1,Lemvig,21223,293116.3
0665,2014,0,0,11,0,Lemvig,20933,287760.4
0665,2015,0,0,11,0,Lemvig,20657,294850.0
0665,2016,0,1,10,-1,Lemvig,20399,306460.6
0665,2017,0,0,10,0,Lemvig,20291,311687.3
0665,2018,0,0,10,0,Lemvig,20133,303170.3
0665,2019,0,0,10,0,Lemvig,19998,321009.4
0665,2020,0,0,10,0,Lemvig,19722,338161.4
0665,2021,0,1,9,-1,Lemvig,19607,347078.3
0665,2022,0,0,9,0,Lemvig,19398,322411.5
0665,2023,1,0,10,1,Lemvig,19371,326494.1
0665,2024,1,0,11,1,Lemvig,19110,327758.8
0671,2008,1,0,11,1,Struer,22672,262397.3
0671,2009,0,1,10,-1,Struer,22642,261091.2
0671,2010,0,0,10,0,Struer,22483,274913.0
0671,2011,2,0,12,2,Struer,22190,274569.2
0671,2012,2,0,14,2,Struer,22098,276453.4
0671,2013,0,0,14,0,Struer,21846,279785.0
0671,2014,0,1,13,-1,Struer,21533,277297.0
0671,2015,0,0,13,0,Struer,21439,281927.0
0671,2016,0,0,13,0,Struer,21474,284212.8
0671,2017,1,2,12,-1,Struer,21347,290216.1
0671,2018,0,0,12,0,Struer,21270,294884.9
0671,2019,0,0,12,0,Struer,21143,303821.0
0671,2020,1,0,13,1,Struer,21036,313846.7
0671,2021,0,1,12,-1,Struer,20808,324913.6
0671,2022,1,0,13,1,Struer,20802,305305.1
0671,2023,1,1,13,0,Struer,20794,300102.0
0671,2024,0,1,12,-1,Struer,20594,302498.1
0706,2008,1,2,12,-1,Syddjurs,41281,271064.7
0706,2009,1,0,13,1,Syddjurs,41314,270661.4
0706,2010,2,1,14,1,Syddjurs,41392,285725.8
0706,2011,0,1,13,-1,Syddjurs,41734,286610.0
0706,2012,0,1,12,-1,Syddjurs,41815,289945.3
0706,2013,0,2,10,-2,Syddjurs,41894,301274.0
0706,2014,0,1,9,-1,Syddjurs,41719,298667.5
0706,2015,0,0,9,0,Syddjurs,41652,305225.0
0706,2016,0,2,7,-2,Syddjurs,41889,311837.8
0706,2017,1,0,8,1,Syddjurs,42021,316893.3
0706,2018,1,0,9,1,Syddjurs,42468,317839.7
0706,2019,0,1,8,-1,Syddjurs,42768,329113.3
0706,2020,1,1,8,0,Syddjurs,42962,342528.4
0706,2021,0,1,7,-1,Syddjurs,43168,358618.8
0706,2022,0,0,7,0,Syddjurs,43596,322374.1
0706,2023,1,1,7,0,Syddjurs,44207,319244.1
0706,2024,0,1,6,-1,Syddjurs,44076,322128.7
0707,2008,0,1,19,-1,Norddjurs,38581,247304.0
0707,2009,0,0,19,0,Norddjurs,38390,249497.2
0707,2010,1,0,20,1,Norddjurs,38148,265011.2
0707,2011,0,0,20,0,Norddjurs,38029,264536.8
0707,2012,1,0,21,1,Norddjurs,37876,263388.2
0707,2013,1,2,20,-1,Norddjurs,38035,267437.7
0707,2014,2,1,21,1,Norddjurs,37925,271045.6
0707,2015,0,0,21,0,Norddjurs,37898,275262.7
0707,2016,0,0,21,0,Norddjurs,38144,276714.5
0707,2017,1,0,22,1,Norddjurs,38099,281841.8
0707,2018,1,0,23,1,Norddjurs,38197,285486.3
0707,2019,3,2,24,1,Norddjurs,37680,291363.0
0707,2020,0,0,24,0,Norddjurs,37089,305585.0
0707,2021,0,1,23,-1,Norddjurs,36943,310965.9
0707,2022,3,1,25,2,Norddjurs,36921,295204.1
0707,2023,0,1,24,-1,Norddjurs,36978,291934.8
0707,2024,1,3,22,-2,Norddjurs,36773,294305.7
0710,2008,0,1,12,-1,Favrskov,45604,276296.8
0710,2009,2,0,14,2,Favrskov,46248,279696.5
0710,2010,1,2,13,-1,Favrskov,46529,300312.5
0710,2011,1,3,11,-2,Favrskov,46894,299104.3
0710,2012,6,2,15,4,Favrskov,47117,300568.9
0710,2013,0,0,15,0,Favrskov,47156,307793.6
0710,2014,0,0,15,0,Favrskov,47163,312782.0
0710,2015,0,0,15,0,Favrskov,47523,317516.7
0710,2016,1,1,15,0,Favrskov,47655,324378.9
0710,2017,0,0,15,0,Favrskov,47915,330394.1
0710,2018,1,0,16,1,Favrskov,48271,336580.2
0710,2019,0,0,16,0,Favrskov,48374,344211.2
0710,2020,0,0,16,0,Favrskov,48397,360690.6
0710,2021,2,1,17,1,Favrskov,48381,370399.9
0710,2022,2,0,19,2,Favrskov,48880,345054.6
0710,2023,0,5,14,-5,Favrskov,49408,342524.3
0710,2024,1,1,14,0,Favrskov,49377,340693.6
0727,2008,1,1,7,0,Odder,21562,272119.0
0727,2009,0,0,7,0,Odder,21593,283612.5
0727,2010,2,1,8,1,Odder,21721,301148.6
0727,2011,0,1,7,-1,Odder,21852,299406.3
0727,2012,1,0,8,1,Odder,21749,301710.4
0727,2013,0,0,8,0,Odder,21800,307588.1
0727,2014,0,0,8,0,Odder,21773,311734.3
0727,2015,0,0,8,0,Odder,21928,313847.6
0727,2016,0,0,8,0,Odder,22131,320494.6
0727,2017,1,0,9,1,Odder,22331,324107.9
0727,2018,0,0,9,0,Odder,22626,328592.2
0727,2019,0,0,9,0,Odder,22675,339299.0
0727,2020,0,0,9,0,Odder,22844,355514.1
0727,2021,1,0,10,1,Odder,22979,360535.4
0727,2022,0,0,10,0,Odder,23304,335137.3
0727,2023,0,1,9,-1,Odder,23626,335107.6
0727,2024,0,0,9,0,Odder,23896,329459.5
0730,2008,3,0,40,3,Randers,93644,254960.3
0730,2009,2,1,41,1,Randers,94221,257947.5
0730,2010,3,6,38,-3,Randers,94750,271986.8
0730,2011,5,3,40,2,Randers,95318,269499.9
0730,2012,3,2,41,1,Randers,95756,269430.4
0730,2013,2,3,40,-1,Randers,96007,273025.3
0730,2014,3,3,40,0,Randers,96343,275689.0
0730,2015,1,0,41,1,Randers,96800,281543.2
0730,2016,2,3,40,-1,Randers,97520,285482.2
0730,2017,4,1,43,3,Randers,98118,289539.9
0730,2018,1,2,42,-1,Randers,98265,295683.8
0730,2019,3,0,45,3,Randers,97909,302460.5
0730,2020,1,0,46,1,Randers,97805,316140.3
0730,2021,3,2,47,1,Randers,98190,321618.8
0730,2022,2,1,48,1,Randers,98988,303094.1
0730,2023,2,0,50,2,Randers,99931,299968.0
0730,2024,3,1,52,2,Randers,99974,302443.4
0740,2008,3,3,29,0,Silkeborg,87371,277439.6
0740,2009,2,1,30,1,Silkeborg,88016,284643.7
0740,2010,4,4,30,0,Silkeborg,88481,294683.2
0740,2011,1,5,26,-4,Silkeborg,88913,286254.7
0740,2012,3,1,28,2,Silkeborg,89328,295421.7
0740,2013,1,3,26,-2,Silkeborg,89346,300112.8
0740,2014,3,0,29,3,Silkeborg,89633,289049.8
0740,2015,1,1,29,0,Silkeborg,90016,313917.1
0740,2016,2,3,28,-1,Silkeborg,90719,327348.1
0740,2017,2,1,29,1,Silkeborg,91237,328303.7
0740,2018,2,0,31,2,Silkeborg,92024,333901.9
0740,2019,6,2,35,4,Silkeborg,93054,340331.1
0740,2020,0,0,35,0,Silkeborg,94026,356978.3
0740,2021,0,2,33,-2,Silkeborg,95488,367735.7
0740,2022,1,0,34,1,Silkeborg,97358,342942.1
0740,2023,3,1,36,2,Silkeborg,99400,341083.3
0740,2024,4,1,39,3,Silkeborg,100747,342905.3
0741,2008,0,0,4,0,Samsø,4085,236937.3
0741,2009,0,0,4,0,Samsø,4003,243492.4
0741,2010,0,0,4,0,Samsø,4010,249425.2
0741,2011,1,0,5,1,Samsø,3885,253399.7
0741,2012,0,0,5,0,Samsø,3889,260443.7
0741,2013,0,1,4,-1,Samsø,3806,266632.9
0741,2014,0,0,4,0,Samsø,3767,268025.2
0741,2015,0,0,4,0,Samsø,3733,279886.5
0741,2016,0,0,4,0,Samsø,3710,271005.5
0741,2017,0,0,4,0,Samsø,3724,281993.6
0741,2018,0,0,4,0,Samsø,3720,285091.0
0741,2019,0,0,4,0,Samsø,3684,298675.3
0741,2020,0,0,4,0,Samsø,3657,315375.4
0741,2021,0,1,3,-1,Samsø,3682,322101.1
0741,2022,0,0,3,0,Samsø,3716,289846.2
0741,2023,0,0,3,0,Samsø,3775,288691.2
0741,2024,0,0,3,0,Samsø,3694,288588.3
0746,2008,1,1,20,0,Skanderborg,56044,290880.8
0746,2009,0,1,19,-1,Skanderborg,56636,295319.2
0746,2010,0,0,19,0,Skanderborg,57303,316866.8
0746,2011,1,1,19,0,Skanderborg,57717,317831.4
0746,2012,3,1,21,2,Skanderborg,58008,320062.3
0746,2013,2,1,22,1,Skanderborg,58094,326357.8
0746,2014,2,1,23,1,Skanderborg,58176,334349.3
0746,2015,3,1,25,2,Skanderborg,58782,339679.2
0746,2016,2,1,26,1,Skanderborg,59481,346348.9
0746,2017,3,0,29,3,Skanderborg,60401,350732.0
0746,2018,0,0,29,0,Skanderborg,61158,357869.6
0746,2019,3,2,30,1,Skanderborg,61974,367540.9
0746,2020,0,0,30,0,Skanderborg,62678,386874.6
0746,2021,1,0,31,1,Skanderborg,63390,395558.8
0746,2022,3,1,33,2,Skanderborg,64318,365597.7
0746,2023,0,0,33,0,Skanderborg,65138,362555.3
0746,2024,1,2,32,-1,Skanderborg,65205,364168.1
0751,2008,9,1,119,8,Aarhus,298538,263665.4
0751,2009,7,2,124,5,Aarhus,302618,268756.0
0751,2010,12,9,127,3,Aarhus,306650,286651.0
0751,2011,7,14,120,-7,Aarhus,310956,284411.9
0751,2012,15,11,124,4,Aarhus,314545,283587.4
0751,2013,7,7,124,0,Aarhus,319094,291566.9
0751,2014,8,8,124,0,Aarhus,323893,296621.9
0751,2015,17,13,128,4,Aarhus,326246,308363.8
0751,2016,11,6,133,5,Aarhus,330639,308387.6
0751,2017,12,4,141,8,Aarhus,335684,316450.8
0751,2018,10,4,147,6,Aarhus,340421,320799.6
0751,2019,21,4,164,17,Aarhus,345332,325673.0
0751,2020,26,5,185,21,Aarhus,349983,339017.5
0751,2021,19,15,189,4,Aarhus,352751,349004.4
0751,2022,15,11,193,4,Aarhus,355238,324203.7
0751,2023,16,11,198,5,Aarhus,361544,324531.7
0751,2024,13,9,202,4,Aarhus,367095,332076.0
0756,2008,2,2,23,0,Ikast-Brande,39893,258003.6
0756,2009,1,0,24,1,Ikast-Brande,40176,257314.8
0756,2010,0,2,22,-2,Ikast-Brande,40312,275215.2
0756,2011,0,1,21,-1,Ikast-Brande,40571,277776.6
0756,2012,1,0,22,1,Ikast-Brande,40658,276633.9
0756,2013,0,1,21,-1,Ikast-Brande,40468,285194.6
0756,2014,0,0,21,0,Ikast-Brande,40602,284564.3
0756,2015,1,2,20,-1,Ikast-Brande,40598,291797.7
0756,2016,0,1,19,-1,Ikast-Brande,40798,297157.7
0756,2017,1,1,19,0,Ikast-Brande,40981,302553.5
0756,2018,1,1,19,0,Ikast-Brande,41191,305237.7
0756,2019,0,0,19,0,Ikast-Brande,41282,321185.3
0756,2020,1,0,20,1,Ikast-Brande,41369,344539.3
0756,2021,1,0,21,1,Ikast-Brande,41473,333753.7
0756,2022,1,0,22,1,Ikast-Brande,41885,314905.9
0756,2023,3,1,24,2,Ikast-Brande,42540,307726.9
0756,2024,0,2,22,-2,Ikast-Brande,42737,315150.1
0760,2008,4,1,47,3,Ringkøbing-Skjern,58368,256467.9
0760,2009,2,0,49,2,Ringkøbing-Skjern,58803,262202.7
0760,2010,11,9,51,2,Ringkøbing-Skjern,58439,278911.9
0760,2011,1,4,48,-3,Ringkøbing-Skjern,58068,279225.5
0760,2012,17,3,62,14,Ringkøbing-Skjern,57892,282261.3
0760,2013,5,4,63,1,Ringkøbing-Skjern,57529,287276.4
0760,2014,3,3,63,0,Ringkøbing-Skjern,57093,288268.9
0760,2015,3,2,64,1,Ringkøbing-Skjern,57042,291421.9
0760,2016,2,0,66,2,Ringkøbing-Skjern,57139,292479.0
0760,2017,1,4,63,-3,Ringkøbing-Skjern,57022,304029.0
0760,2018,1,0,64,1,Ringkøbing-Skjern,57005,304785.6
0760,2019,3,1,66,2,Ringkøbing-Skjern,56930,315962.4
0760,2020,2,2,66,0,Ringkøbing-Skjern,56594,329383.0
0760,2021,2,2,66,0,Ringkøbing-Skjern,56182,339987.3
0760,2022,4,2,68,2,Ringkøbing-Skjern,56203,317101.3
0760,2023,1,1,68,0,Ringkøbing-Skjern,56348,315082.3
0760,2024,0,3,65,-3,Ringkøbing-Skjern,56218,322829.0
0766,2008,1,0,17,1,Hedensted,45561,269326.4
0766,2009,0,2,15,-2,Hedensted,45954,274862.1
0766,2010,0,4,11,-4,Hedensted,45982,289713.4
0766,2011,0,0,11,0,Hedensted,45980,284176.5
0766,2012,0,1,10,-1,Hedensted,46029,287607.4
0766,2013,1,4,7,-3,Hedensted,45868,294655.2
0766,2014,0,0,7,0,Hedensted,45715,299972.8
0766,2015,0,1,6,-1,Hedensted,46091,307714.1
0766,2016,0,0,6,0,Hedensted,46206,307768.8
0766,2017,1,1,6,0,Hedensted,46524,313704.9
0766,2018,6,0,12,6,Hedensted,46616,322698.9
0766,2019,0,0,12,0,Hedensted,46747,328400.5
0766,2020,0,0,12,0,Hedensted,46722,343367.6
0766,2021,0,0,12,0,Hedensted,46773,351152.9
0766,2022,1,0,13,1,Hedensted,47099,330673.8
0766,2023,1,0,14,1,Hedensted,47609,325179.9
0766,2024,0,0,14,0,Hedensted,47725,328193.1
0773,2008,0,1,4,-1,Morsø,22091,237987.1
0773,2009,1,0,5,1,Morsø,22098,240386.9
0773,2010,0,0,5,0,Morsø,21833,250156.9
0773,2011,0,0,5,0,Morsø,21600,255081.4
0773,2012,0,0,5,0,Morsø,21474,256490.6
0773,2013,0,0,5,0,Morsø,21189,263282.1
0773,2014,1,0,6,1,Morsø,21003,264682.0
0773,2015,0,0,6,0,Morsø,20816,268871.9
0773,2016,0,0,6,0,Morsø,20629,271035.2
0773,2017,1,0,7,1,Morsø,20665,279377.3
0773,2018,0,0,7,0,Morsø,20514,278856.6
0773,2019,0,0,7,0,Morsø,20403,294465.4
0773,2020,1,0,8,1,Morsø,20247,303684.2
0773,2021,0,0,8,0,Morsø,20066,306887.2
0773,2022,0,0,8,0,Morsø,20068,296391.9
0773,2023,1,0,9,1,Morsø,19927,290046.1
0773,2024,1,0,10,1,Morsø,19734,293899.1
0779,2008,0,1,15,-1,Skive,48356,249313.5
0779,2009,1,0,16,1,Skive,48300,255826.2
0779,2010,3,1,18,2,Skive,48137,267976.6
0779,2011,2,4,16,-2,Skive,47986,267931.4
0779,2012,0,1,15,-1,Skive,47620,269342.9
0779,2013,2,0,17,2,Skive,47291,272978.4
0779,2014,1,2,16,-1,Skive,46942,275816.0
0779,2015,0,2,14,-2,Skive,46641,281915.6
0779,2016,2,0,16,2,Skive,46639,286576.0
0779,2017,2,0,18,2,Skive,46540,293534.2
0779,2018,0,1,17,-1,Skive,46599,297358.9
0779,2019,2,1,18,1,Skive,46224,305689.0
0779,2020,1,0,19,1,Skive,45851,323425.3
0779,2021,1,1,19,0,Skive,45425,327303.5
0779,2022,3,1,21,2,Skive,45078,309416.8
0779,2023,1,1,21,0,Skive,45069,304497.9
0779,2024,1,1,21,0,Skive,44739,308711.3
0787,2008,1,0,19,1,Thisted,45549,249401.0
0787,2009,2,0,21,2,Thisted,45596,249414.7
0787,2010,3,2,22,1,Thisted,45297,263953.2
0787,2011,2,2,22,0,Thisted,45145,265389.4
0787,2012,5,1,26,4,Thisted,44908,264916.8
0787,2013,1,5,22,-4,Thisted,44494,273741.3
0787,2014,1,1,22,0,Thisted,44230,272976.1
0787,2015,0,0,22,0,Thisted,44078,279311.3
0787,2016,2,0,24,2,Thisted,43991,284988.4
0787,2017,1,0,25,1,Thisted,43826,290318.6
0787,2018,2,2,25,0,Thisted,43716,293647.3
0787,2019,4,3,26,1,Thisted,43660,304636.2
0787,2020,1,2,25,-1,Thisted,43423,316323.3
0787,2021,0,0,25,0,Thisted,43160,323837.2
0787,2022,2,1,26,1,Thisted,43089,304473.6
0787,2023,3,0,29,3,Thisted,43383,295968.1
0787,2024,1,1,29,0,Thisted,42989,299885.0
0791,2008,5,3,30,2,Viborg,92084,260953.9
0791,2009,2,0,32,2,Viborg,92823,267319.1
0791,2010,5,1,36,4,Viborg,93310,285142.5
0791,2011,3,3,36,0,Viborg,93498,282355.7
0791,2012,3,3,36,0,Viborg,93819,281907.1
0791,2013,4,5,35,-1,Viborg,94333,290282.1
0791,2014,2,0,37,2,Viborg,94486,291287.9
0791,2015,2,3,36,-1,Viborg,94985,296472.2
0791,2016,12,1,47,11,Viborg,95776,300212.2
0791,2017,5,0,52,5,Viborg,96477,309116.5
0791,2018,3,1,54,2,Viborg,96883,314124.3
0791,2019,3,1,56,2,Viborg,97113,320982.2
0791,2020,4,2,58,2,Viborg,96921,334656.1
0791,2021,5,5,58,0,Viborg,96679,343106.5
0791,2022,7,2,63,5,Viborg,96847,321876.1
0791,2023,3,5,61,-2,Viborg,97731,313857.8
0791,2024,3,0,64,3,Viborg,97472,317688.8
0810,2008,1,1,15,0,Brønderslev,35525,234175.1
0810,2009,0,0,15,0,Brønderslev,35762,246839.6
0810,2010,0,0,15,0,Brønderslev,35804,263581.2
0810,2011,0,2,13,-2,Brønderslev,35789,263851.1
0810,2012,0,1,12,-1,Brønderslev,35754,268752.9
0810,2013,0,1,11,-1,Brønderslev,35600,274780.5
0810,2014,0,0,11,0,Brønderslev,35627,275123.7
0810,2015,1,0,12,1,Brønderslev,35781,276927.6
0810,2016,3,0,15,3,Brønderslev,36047,288833.2
0810,2017,0,0,15,0,Brønderslev,36128,290194.0
0810,2018,0,0,15,0,Brønderslev,36289,290352.3
0810,2019,3,1,17,2,Brønderslev,36370,302643.0
0810,2020,1,0,18,1,Brønderslev,36304,315977.7
0810,2021,0,0,18,0,Brønderslev,36177,325639.0
0810,2022,3,1,20,2,Brønderslev,36194,303490.7
0810,2023,0,2,18,-2,Brønderslev,36540,301307.2
0810,2024,0,0,18,0,Brønderslev,36614,303320.4
0813,2008,6,2,34,4,Frederikshavn,62751,252758.7
0813,2009,4,0,38,4,Frederikshavn,62525,258510.5
0813,2010,1,2,37,-1,Frederikshavn,62007,273064.8
0813,2011,3,3,37,0,Frederikshavn,61576,273004.1
0813,2012,2,1,38,1,Frederikshavn,61158,278055.4
0813,2013,3,6,35,-3,Frederikshavn,60775,279732.9
0813,2014,2,2,35,0,Frederikshavn,60458,280163.2
0813,2015,1,3,33,-2,Frederikshavn,60377,284552.4
0813,2016,0,0,33,0,Frederikshavn,60246,288102.1
0813,2017,2,0,35,2,Frederikshavn,60356,292841.5
0813,2018,3,0,38,3,Frederikshavn,60140,294641.1
0813,2019,2,1,39,1,Frederikshavn,59987,302944.1
0813,2020,2,2,39,0,Frederikshavn,59654,313404.4
0813,2021,3,0,42,3,Frederikshavn,59039,320058.7
0813,2022,3,2,43,1,Frederikshavn,58878,301832.1
0813,2023,1,2,42,-1,Frederikshavn,58864,301154.8
0813,2024,4,0,46,4,Frederikshavn,58376,306515.0
0820,2008,0,3,15,-3,Vesthimmerlands,38277,240254.9
0820,2009,1,0,16,1,Vesthimmerlands,38495,242216.7
0820,2010,0,0,16,0,Vesthimmerlands,38106,254497.8
0820,2011,0,2,14,-2,Vesthimmerlands,37864,260465.5
0820,2012,0,1,13,-1,Vesthimmerlands,37534,260147.4
0820,2013,0,1,12,-1,Vesthimmerlands,37586,266989.5
0820,2014,1,0,13,1,Vesthimmerlands,37479,267904.3
0820,2015,0,0,13,0,Vesthimmerlands,37399,269820.1
0820,2016,1,0,14,1,Vesthimmerlands,37296,275018.6
0820,2017,0,2,12,-2,Vesthimmerlands,37285,282997.1
0820,2018,1,0,13,1,Vesthimmerlands,37277,285912.2
0820,2019,1,0,14,1,Vesthimmerlands,37121,298007.9
0820,2020,0,0,14,0,Vesthimmerlands,36727,307449.1
0820,2021,5,0,19,5,Vesthimmerlands,36362,326013.1
0820,2022,0,0,19,0,Vesthimmerlands,36326,305376.6
0820,2023,0,0,19,0,Vesthimmerlands,36431,298161.7
0820,2024,2,1,20,1,Vesthimmerlands,36012,300010.7
0825,2008,0,0,4,0,Læsø,2003,234016.5
0825,2009,0,0,4,0,Læsø,1993,238829.8
0825,2010,0,0,4,0,Læsø,1969,256663.3
0825,2011,0,0,4,0,Læsø,1949,260098.8
0825,2012,0,1,3,-1,Læsø,1897,261156.1
0825,2013,0,1,2,-1,Læsø,1839,267333.4
0825,2014,0,0,2,0,Læsø,1808,263438.4
0825,2015,0,0,2,0,Læsø,1795,265806.5
0825,2016,0,0,2,0,Læsø,1817,273267.1
0825,2017,0,0,2,0,Læsø,1793,279282.9
0825,2018,0,0,2,0,Læsø,1807,272388.8
0825,2019,1,0,3,1,Læsø,1806,284372.2
0825,2020,0,0,3,0,Læsø,1786,293083.0
0825,2021,0,1,2,-1,Læsø,1764,311287.3
0825,2022,0,0,2,0,Læsø,1769,272112.0
0825,2023,0,0,2,0,Læsø,1789,281119.6
0825,2024,0,0,2,0,Læsø,1759,284104.8
0840,2008,0,0,8,0,Rebild,28753,259341.5
0840,2009,0,0,8,0,Rebild,28900,269184.2
0840,2010,0,1,7,-1,Rebild,28852,285749.9
0840,2011,0,0,7,0,Rebild,28940,290264.4
0840,2012,0,1,6,-1,Rebild,28911,293290.0
0840,2013,1,1,6,0,Rebild,28866,301265.9
0840,2014,0,0,6,0,Rebild,28794,303750.9
0840,2015,0,1,5,-1,Rebild,28859,307355.1
0840,2016,2,1,6,1,Rebild,29149,313176.1
0840,2017,0,0,6,0,Rebild,29391,321565.8
0840,2018,1,0,7,1,Rebild,29827,328211.9
0840,2019,0,0,7,0,Rebild,29916,337933.5
0840,2020,0,0,7,0,Rebild,30113,352449.3
0840,2021,3,0,10,3,Rebild,30518,362199.6
0840,2022,0,0,10,0,Rebild,30646,343174.2
0840,2023,0,0,10,0,Rebild,30908,340816.9
0840,2024,0,1,9,-1,Rebild,30937,346581.4
0846,2008,1,2,15,-1,Mariagerfjord,42667,252837.6
0846,2009,2,0,17,2,Mariagerfjord,42762,255274.1
0846,2010,1,2,16,-1,Mariagerfjord,42604,271589.0
0846,2011,3,0,19,3,Mariagerfjord,42572,271910.7
0846,2012,1,2,18,-1,Mariagerfjord,42429,273130.3
0846,2013,1,3,16,-2,Mariagerfjord,42111,275806.4
0846,2014,0,1,15,-1,Mariagerfjord,42093,280491.5
0846,2015,0,0,15,0,Mariagerfjord,42134,283012.8
0846,2016,1,0,16,1,Mariagerfjord,42131,288829.7
0846,2017,2,0,18,2,Mariagerfjord,42066,294301.4
0846,2018,1,2,17,-1,Mariagerfjord,42125,298824.5
0846,2019,2,0,19,2,Mariagerfjord,42055,309563.0
0846,2020,0,0,19,0,Mariagerfjord,41800,322639.1
0846,2021,5,1,23,4,Mariagerfjord,41536,330033.3
0846,2022,0,1,22,-1,Mariagerfjord,41662,311959.8
0846,2023,0,1,21,-1,Mariagerfjord,41859,308437.2
0846,2024,1,0,22,1,Mariagerfjord,41762,311954.3
0849,2008,0,0,15,0,Jammerbugt,38957,247403.9
0849,2009,1,0,16,1,Jammerbugt,38990,254851.5
0849,2010,1,0,17,1,Jammerbugt,38927,270346.2
0849,2011,0,3,14,-3,Jammerbugt,38733,272563.8
0849,2012,3,1,16,2,Jammerbugt,38611,274607.4
0849,2013,1,3,14,-2,Jammerbugt,38597,281048.7
0849,2014,0,1,13,-1,Jammerbugt,38351,280881.6
0849,2015,1,0,14,1,Jammerbugt,38293,283637.4
0849,2016,0,0,14,0,Jammerbugt,38466,284817.8
0849,2017,1,0,15,1,Jammerbugt,38581,289275.8
0849,2018,0,0,15,0,Jammerbugt,38638,294715.3
0849,2019,0,0,15,0,Jammerbugt,38460,302405.9
0849,2020,0,0,15,0,Jammerbugt,38324,317336.1
0849,2021,2,1,16,1,Jammerbugt,38175,328481.6
0849,2022,6,0,22,6,Jammerbugt,38187,304298.2
0849,2023,2,1,23,1,Jammerbugt,38364,298693.9
0849,2024,1,3,21,-2,Jammerbugt,38234,301896.8
0851,2008,4,3,58,1,Aalborg,195145,257142.8
0851,2009,5,0,63,5,Aalborg,196292,262406.3
0851,2010,9,5,67,4,Aalborg,197426,276678.2
0851,2011,7,3,71,4,Aalborg,199188,273966.0
0851,2012,9,3,77,6,Aalborg,201142,273389.4
0851,2013,8,8,77,0,Aalborg,203448,277056.2
0851,2014,6,5,78,1,Aalborg,205809,280228.9
0851,2015,5,5,78,0,Aalborg,207805,285189.7
0851,2016,5,2,81,3,Aalborg,210316,289002.2
0851,2017,9,4,86,5,Aalborg,211937,294905.2
0851,2018,7,5,88,2,Aalborg,213558,299846.0
0851,2019,13,1,100,12,Aalborg,215312,304987.7
0851,2020,5,2,103,3,Aalborg,217075,318095.7
0851,2021,12,7,108,5,Aalborg,219487,325462.8
0851,2022,11,5,114,6,Aalborg,221082,305963.2
0851,2023,7,2,119,5,Aalborg,222571,306911.1
0851,2024,12,4,127,8,Aalborg,223174,314877.8
0860,2008,6,0,41,6,Hjørring,67121,246285.8
0860,2009,2,1,42,1,Hjørring,67102,249926.4
0860,2010,2,2,42,0,Hjørring,66803,265558.9
0860,2011,4,3,43,1,Hjørring,66473,269701.8
0860,2012,2,4,41,-2,Hjørring,66178,271220.8
0860,2013,2,4,39,-2,Hjørring,65767,276784.9
0860,2014,1,2,38,-1,Hjørring,65405,279110.2
0860,2015,3,2,39,1,Hjørring,65295,282557.2
0860,2016,0,2,37,-2,Hjørring,65411,286633.6
0860,2017,1,2,36,-1,Hjørring,65307,296715.1
0860,2018,2,0,38,2,Hjørring,65257,298857.1
0860,2019,4,1,41,3,Hjørring,64665,304764.5
0860,2020,1,1,41,0,Hjørring,64483,318162.2
0860,2021,4,1,44,3,Hjørring,64155,324197.4
0860,2022,6,2,48,4,Hjørring,63839,302684.1
0860,2023,7,2,53,5,Hjørring,63998,301392.1
0860,2024,2,2,53,0,Hjørring,63544,302911.5
